
DROP TABLE IF EXISTS `field_body`;
CREATE TABLE `field_body` (
  `pages_id` int(10) unsigned NOT NULL,
  `data` mediumtext NOT NULL,
  PRIMARY KEY (`pages_id`),
  FULLTEXT KEY `data` (`data`)
) ENGINE=MyISAM DEFAULT CHARSET=utf8;

INSERT INTO `field_body` (pages_id, data) VALUES('27', '<h3>The page you were looking for is not found.</h3>\r\n<p>Please use our search engine or navigation above to find the page.</p>');
INSERT INTO `field_body` (pages_id, data) VALUES('1', '## Welcome to ProcessWiki Site Profile\r\n\r\nDuis autem vel eum iriure dolor in hendrerit in vulputate velit esse molestie consequat, vel illum dolore eu feugiat nulla facilisis at vero eros et accumsan et iusto odio dignissim qui blandit praesent luptatum zzril delenit augue duis dolore te feugait nulla facilisi. Lorem ipsum dolor sit amet,');
INSERT INTO `field_body` (pages_id, data) VALUES('1030', 'Lorem ipsum dolor sit amet, consetetur sadipscing elitr, sed diam nonumy eirmod tempor invidunt ut labore et dolore magna aliquyam erat, sed diam voluptua. At vero eos et accusam et justo duo dolores et ea rebum. Stet clita kasd gubergren, no sea takimata sanctus est Lorem ipsum dolor sit amet. Lorem ipsum dolor sit amet, consetetur sadipscing elitr, sed diam nonumy eirmod tempor invidunt ut labore et dolore magna aliquyam erat, sed diam voluptua. At vero eos et accusam et justo duo dolores et ea rebum. Stet clita kasd gubergren, no sea takimata sanctus est Lorem ipsum dolor sit amet. Lorem ipsum dolor sit amet, consetetur sadipscing elitr, sed diam nonumy eirmod tempor invidunt ut labore et dolore magna aliquyam erat, sed diam voluptua. At vero eos et accusam et justo duo dolores et ea rebum. Stet clita kasd gubergren, no sea takimata sanctus est Lorem ipsum dolor sit amet.   \r\n\r\nDuis autem vel eum iriure dolor in hendrerit in vulputate velit esse molestie consequat, vel illum dolore eu feugiat nulla facilisis at vero eros et accumsan et iusto odio dignissim qui blandit praesent luptatum zzril delenit augue duis dolore te feugait nulla facilisi. Lorem ipsum dolor sit amet,');
INSERT INTO `field_body` (pages_id, data) VALUES('1017', 'Lorem ipsum dolor sit amet, consetetur sadipscing elitr, sed diam nonumy eirmod tempor invidunt ut labore et dolore magna aliquyam erat, sed diam voluptua. At vero eos et accusam et justo duo dolores et ea rebum. Stet clita kasd gubergren, no sea takimata sanctus est Lorem ipsum dolor sit amet. Lorem ipsum dolor sit amet, consetetur sadipscing elitr, sed diam nonumy eirmod tempor invidunt ut labore et dolore magna aliquyam erat, sed diam voluptua. At vero eos et accusam et justo duo dolores et ea rebum. Stet clita kasd gubergren, no sea takimata sanctus est Lorem ipsum dolor sit amet. Lorem ipsum dolor sit amet, consetetur sadipscing elitr, sed diam nonumy eirmod tempor invidunt ut labore et dolore magna aliquyam erat, sed diam voluptua. At vero eos et accusam et justo duo dolores et ea rebum. Stet clita kasd gubergren, no sea takimata sanctus est Lorem ipsum dolor sit amet.   \r\n\r\nDuis autem vel eum iriure dolor in hendrerit in vulputate velit esse molestie consequat, vel illum dolore eu feugiat nulla facilisis at vero eros et accumsan et iusto odio dignissim qui blandit praesent luptatum zzril delenit augue duis dolore te feugait nulla facilisi. Lorem ipsum dolor sit amet, consectetuer adipiscing elit, sed diam nonummy nibh euismod tincidunt ut laoreet dolore magna aliquam erat volutpat.   \r\n\r\nUt wisi enim ad minim veniam, quis nostrud exerci tation ullamcorper suscipit lobortis nisl ut aliquip ex ea commodo consequat. Duis autem vel eum iriure dolor in hendrerit in vulputate velit esse molestie consequat, vel illum dolore eu feugiat nulla facilisis at vero eros et accumsan et iusto odio dignissim qui blandit praesent luptatum zzril delenit augue duis dolore te feugait nulla facilisi.   \r\n\r\nNam liber tempor cum soluta nobis eleifend option congue nihil imperdiet doming id quod mazim placerat facer possim assum. Lorem ipsum dolor sit amet, consectetuer adipiscing elit, sed diam nonummy nibh euismod tincidunt ut laoreet dolore magna aliquam erat volutpat. Ut wisi enim ad minim veniam, quis nostrud exerci tation ullamcorper suscipit lobortis nisl ut aliquip ex ea commodo consequat.   \r\n\r\nDuis autem vel eum iriure dolor in hendrerit in vulputate velit esse molestie consequat, vel illum dolore eu feugiat nulla facilisis.   \r\n\r\nAt vero eos et accusam et justo duo dolores et ea rebum. Stet clita kasd gubergren, no sea takimata sanctus est Lorem ipsum dolor sit amet. Lorem ipsum dolor sit amet, consetetur sadipscing elitr, sed diam nonumy eirmod tempor invidunt ut labore et dolore magna aliquyam erat, sed diam voluptua. At vero eos et accusam et justo duo dolores et ea rebum. Stet clita kasd gubergren, no sea takimata sanctus est Lorem ipsum dolor sit amet. Lorem ipsum dolor sit amet, consetetur sadipscing elitr, At accusam aliquyam diam diam dolore dolores duo eirmod eos erat, et nonumy sed tempor et et invidunt justo labore Stet clita ea et gubergren, kasd magna no rebum. sanctus sea sed takimata ut vero voluptua. est Lorem ipsum dolor sit amet. Lorem ipsum dolor sit amet, consetetur sadipscing elitr, sed diam nonumy eirmod tempor invidunt ut labore et dolore magna aliquyam erat.   \r\n\r\nConsetetur sadipscing elitr, sed diam nonumy eirmod tempor invidunt ut labore et dolore magna aliquyam erat, sed diam voluptua. At vero eos et accusam et justo duo dolores et ea rebum. Stet clita kasd gubergren, no sea takimata sanctus est Lorem ipsum dolor sit amet. Lorem ipsum dolor sit amet, consetetur sadipscing elitr, sed diam nonumy eirmod tempor invidunt ut labore et dolore magna aliquyam erat, sed diam voluptua. At vero eos et accusam et justo duo dolores et ea rebum. Stet clita');
INSERT INTO `field_body` (pages_id, data) VALUES('1018', 'At vero eos et accusam et justo duo dolores et ea rebum. Stet clita kasd gubergren, no sea takimata sanctus est Lorem ipsum dolor sit amet. Lorem ipsum dolor sit amet, consetetur sadipscing elitr, sed diam nonumy eirmod tempor invidunt ut labore et dolore magna aliquyam erat, sed diam voluptua. At vero eos et accusam et justo duo dolores et ea rebum. Stet clita kasd gubergren, no sea takimata sanctus est Lorem ipsum dolor sit amet. Lorem ipsum dolor sit amet, consetetur sadipscing elitr, At accusam aliquyam diam diam dolore dolores duo eirmod eos erat, et nonumy sed tempor et et invidunt justo labore Stet clita ea et gubergren, kasd magna no rebum. sanctus sea sed takimata ut vero voluptua. est Lorem ipsum dolor sit amet. Lorem ipsum dolor sit amet, consetetur sadipscing elitr, sed diam nonumy eirmod tempor invidunt ut labore et dolore magna aliquyam erat.   \r\n\r\nConsetetur sadipscing elitr, sed diam nonumy eirmod tempor invidunt ut labore et dolore magna aliquyam erat, sed diam voluptua. At vero eos et accusam et justo duo dolores et ea rebum. Stet clita kasd gubergren, no sea takimata sanctus est Lorem ipsum dolor sit amet. Lorem ipsum dolor sit amet, consetetur sadipscing elitr, sed diam nonumy eirmod tempor invidunt ut labore et dolore magna aliquyam erat, sed diam voluptua. At vero eos et accusam et justo duo dolores et ea rebum. Stet clita consetetur sadipscing elitr, sed diam nonumy eirmod tempor invidunt ut labore et dolore magna aliquyam erat, sed diam voluptua. At vero eos et accusam et justo duo dolores et ea rebum. Stet clita kasd gubergren, no sea takimata sanctus est Lorem ipsum dolor sit amet. Lorem ipsum dolor sit amet, consetetur sadipscing elitr, sed diam nonumy eirmod tempor invidunt ut labore et dolore magna aliquyam erat, sed diam voluptua. At vero eos et accusam et justo duo dolores et ea rebum. ');
INSERT INTO `field_body` (pages_id, data) VALUES('1019', 'At vero eos et accusam et justo duo dolores et ea rebum. Stet clita kasd gubergren, no sea takimata sanctus est Lorem ipsum dolor sit amet. Lorem ipsum dolor sit amet, consetetur sadipscing elitr, sed diam nonumy eirmod tempor invidunt ut labore et dolore magna aliquyam erat, sed diam voluptua. At vero eos et accusam et justo duo dolores et ea rebum. Stet clita kasd gubergren, no sea takimata sanctus est Lorem ipsum dolor sit amet. Lorem ipsum dolor sit amet, consetetur sadipscing elitr, At accusam aliquyam diam diam dolore dolores duo eirmod eos erat, et nonumy sed tempor et et invidunt justo labore Stet clita ea et gubergren, kasd magna no rebum. sanctus sea sed takimata ut vero voluptua. est Lorem ipsum dolor sit amet. Lorem ipsum dolor sit amet, consetetur sadipscing elitr, sed diam nonumy eirmod tempor invidunt ut labore et dolore magna aliquyam erat.  Consetetur sadipscing elitr, sed diam nonumy eirmod tempor invidunt ut labore et dolore magna aliquyam erat, sed diam voluptua. At vero eos et accusam et justo duo dolores et ea rebum. Stet clita kasd gubergren, no sea takimata sanctus est Lorem ipsum dolor sit amet. Lorem ipsum dolor sit amet, consetetur sadipscing elitr, sed diam nonumy eirmod tempor invidunt ut labore et dolore magna aliquyam erat, sed diam voluptua. At vero eos et accusam et justo duo dolores et ea rebum. Stet clita');
INSERT INTO `field_body` (pages_id, data) VALUES('1020', '<p>Lorem ipsum dolor sit amet, consetetur sadipscing elitr, sed diam nonumy eirmod tempor invidunt ut labore et dolore magna aliquyam erat, sed diam voluptua. At vero eos et accusam et justo duo dolores et ea rebum. Stet clita kasd gubergren, no sea takimata sanctus est Lorem ipsum dolor sit amet. Lorem ipsum dolor sit amet, consetetur sadipscing elitr, sed diam nonumy eirmod tempor invidunt ut labore et dolore magna aliquyam erat, sed diam voluptua. At vero eos et accusam et justo duo dolores et ea rebum. Stet clita kasd gubergren, no sea takimata sanctus est Lorem ipsum dolor sit amet. Lorem ipsum dolor sit amet, consetetur sadipscing elitr, sed diam nonumy eirmod tempor invidunt ut labore et dolore magna aliquyam erat, sed diam voluptua. At vero eos et accusam et justo duo dolores et ea rebum. Stet clita kasd gubergren, no sea takimata sanctus est Lorem ipsum dolor sit amet.   dsadsaad</p><p>Duis autem vel eum iriure dolor in hendrerit in vulputate velit esse molestie consequat, vel illum dolore eu feugiat nulla facilisis at vero eros et accumsan et iusto odio dignissim qui blandit praesent luptatum zzril delenit augue duis dolore te feugait nulla facilisi. Lorem ipsum dolor sit amet,</p>');
INSERT INTO `field_body` (pages_id, data) VALUES('1021', '<p>Lorem ipsum dolor sit amet, consetetur sadipscing elitr, sed diam nonumy eirmod tempor invidunt ut labore et dolore magna aliquyam erat, sed diam voluptua. At vero eos et accusam et justo duo dolores et ea rebum. Stet clita kasd gubergren, no sea takimata sanctus est Lorem ipsum dolor sit amet. Lorem ipsum dolor sit amet, consetetur sadipscing elitr, sed diam nonumy eirmod tempor invidunt ut labore et dolore magna aliquyam erat, sed diam voluptua. At vero eos et accusam et justo duo dolores et ea rebum. Stet clita kasd gubergren, no sea takimata sanctus est Lorem ipsum dolor sit amet. Lorem ipsum dolor sit amet, consetetur sadipscing elitr, sed diam nonumy eirmod tempor invidunt ut labore et dolore magna aliquyam erat, sed diam voluptua. At vero eos et accusam et justo duo dolores et ea rebum. Stet clita kasd gubergren, no sea takimata sanctus est Lorem ipsum dolor sit amet.   </p><p>Duis autem vel eum iriure dolor in hendrerit in vulputate velit esse molestie consequat, vel illum dolore eu feugiat nulla facilisis at vero eros et accumsan et iusto odio dignissim qui blandit praesent luptatum zzril delenit augue duis dolore te feugait nulla facilisi. Lorem ipsum dolor sit amet,</p>');
INSERT INTO `field_body` (pages_id, data) VALUES('1025', 'Lorem ipsum dolor sit amet, consetetur sadipscing elitr, sed diam nonumy eirmod tempor invidunt ut labore et dolore magna aliquyam erat, sed diam voluptua. At vero eos et accusam et justo duo dolores et ea rebum. Stet clita kasd gubergren, no sea takimata sanctus est Lorem ipsum dolor sit amet. Lorem ipsum dolor sit amet, consetetur sadipscing elitr, sed diam nonumy eirmod tempor invidunt ut labore et dolore magna aliquyam erat, sed diam voluptua. At vero eos et accusam et justo duo dolores et ea rebum. Stet clita kasd gubergren, no sea takimata sanctus est Lorem ipsum dolor sit amet. Lorem ipsum dolor sit amet, consetetur sadipscing elitr, sed diam nonumy eirmod tempor invidunt ut labore et dolore magna aliquyam erat, sed diam voluptua. At vero eos et accusam et justo duo dolores et ea rebum. Stet clita kasd gubergren, no sea takimata sanctus est Lorem ipsum dolor sit amet.   \r\n\r\nDuis autem vel eum iriure dolor in hendrerit in vulputate velit esse molestie consequat, vel illum dolore eu feugiat nulla facilisis at vero eros et accumsan et iusto odio dignissim qui blandit praesent luptatum zzril delenit augue duis dolore te feugait nulla facilisi. Lorem ipsum dolor sit amet, consectetuer adipiscing elit, sed diam nonummy nibh euismod tincidunt ut laoreet dolore magna aliquam erat volutpat.   \r\n\r\nUt wisi enim ad minim veniam, quis nostrud exerci tation ullamcorper suscipit lobortis nisl ut aliquip ex ea commodo consequat. Duis autem vel eum iriure dolor in hendrerit in vulputate velit esse molestie consequat, vel illum dolore eu feugiat nulla facilisis at vero eros et accumsan et iusto odio dignissim qui blandit praesent luptatum zzril delenit augue duis dolore te feugait nulla facilisi.   \r\n\r\nNam liber tempor cum soluta nobis eleifend option congue nihil imperdiet doming id quod mazim placerat facer possim assum. Lorem ipsum dolor sit amet, consectetuer adipiscing elit, sed diam nonummy nibh euismod tincidunt ut laoreet dolore magna aliquam erat volutpat. Ut wisi enim ad minim veniam, quis nostrud exerci tation ullamcorper suscipit lobortis nisl ut aliquip ex ea commodo consequat.   \r\n\r\nDuis autem vel eum iriure dolor in hendrerit in vulputate velit esse molestie consequat, vel illum dolore eu feugiat nulla facilisis.   \r\n\r\nAt vero eos et accusam et justo duo dolores et ea rebum. Stet clita kasd gubergren, no sea takimata sanctus est Lorem ipsum dolor sit amet. Lorem ipsum dolor sit amet, consetetur sadipscing elitr, sed diam nonumy eirmod tempor invidunt ut labore et dolore magna aliquyam erat, sed diam voluptua. At vero eos et accusam et justo duo dolores et ea rebum. Stet clita kasd gubergren, no sea takimata sanctus est Lorem ipsum dolor sit amet. Lorem ipsum dolor sit amet, consetetur sadipscing elitr, At accusam aliquyam diam diam dolore dolores duo eirmod eos erat, et nonumy sed tempor et et invidunt justo labore Stet clita ea et gubergren, kasd magna no rebum. sanctus sea sed takimata ut vero voluptua. est Lorem ipsum dolor sit amet. Lorem ipsum dolor sit amet, consetetur sadipscing elitr, sed diam.');
INSERT INTO `field_body` (pages_id, data) VALUES('1010', '## Headline\r\n### Another one\r\n\r\n* List\r\n* Item\r\n\r\n~~~\r\n<!DOCTYPE html>\r\n<html lang=\"en\">\r\n<head></head>\r\n<body></body>\r\n</html>\r\n~~~\r\n\r\nLorem ipsum dolor sit amet, consetetur sadipscing elitr, sed diam nonumy eirmod tempor invidunt ut labore et dolore magna aliquyam erat, sed diam voluptua. At vero eos et accusam et justo duo dolores et ea rebum. Stet clita kasd gubergren, no sea takimata sanctus est Lorem ipsum dolor sit amet. Lorem ipsum dolor sit amet, consetetur sadipscing elitr, sed diam nonumy eirmod tempor invidunt ut labore et dolore magna aliquyam erat, sed diam voluptua. At vero eos et accusam et justo duo dolores et ea rebum. Stet clita kasd gubergren, no sea takimata sanctus est Lorem ipsum dolor sit amet. Lorem ipsum dolor sit amet, consetetur sadipscing elitr, sed diam nonumy eirmod tempor invidunt ut labore et dolore magna aliquyam erat, sed diam voluptua. At vero eos et accusam et justo duo dolores et ea rebum. Stet clita kasd gubergren, no sea takimata sanctus est Lorem ipsum dolor sit amet.   \r\n\r\nDuis autem vel eum iriure dolor in hendrerit in vulputate velit esse molestie consequat, vel illum dolore eu feugiat nulla facilisis at vero eros et accumsan et iusto odio dignissim qui blandit praesent luptatum zzril delenit augue duis dolore te feugait nulla facilisi. Lorem ipsum dolor sit amet.\r\n																																													');
INSERT INTO `field_body` (pages_id, data) VALUES('1027', 'Ut wisi enim ad minim veniam, quis nostrud exerci tation ullamcorper suscipit lobortis nisl ut aliquip ex ea commodo consequat. Duis autem vel eum iriure dolor in hendrerit in vulputate velit esse molestie consequat, vel illum dolore eu feugiat nulla facilisis at vero eros et accumsan et iusto odio dignissim qui blandit praesent luptatum zzril delenit augue duis dolore te feugait nulla facilisi.\r\nNam liber tempor cum soluta nobis eleifend option congue nihil imperdiet doming id quod mazim placerat facer possim assum. Lorem ipsum dolor sit amet, consectetuer adipiscing elit, sed diam nonummy nibh euismod tincidunt ut laoreet dolore magna aliquam erat volutpat. Ut wisi enim ad minim veniam, quis nostrud exerci tation ullamcorper suscipit lobortis nisl ut aliquip ex ea commodo consequat.\r\nDuis autem vel eum iriure dolor in hendrerit in vulputate velit esse molestie consequat, vel illum dolore eu feugiat nulla facilisis.\r\nAt vero eos et accusam et justo duo dolores et ea rebum. Stet clita kasd gubergren, no sea takimata sanctus est Lorem ipsum dolor sit amet. Lorem ipsum dolor sit amet, consetetur sadipscing elitr,  sed diam nonumy eirmod tempor invidunt ut labore et dolore magna aliquyam erat, sed diam voluptua. At vero eos et accusam et justo duo dolores et ea rebum. Stet clita kasd gubergren, no sea takimata sanctus est Lorem ipsum dolor sit amet. Lorem ipsum dolor sit amet, consetetur sadipscing elitr,  At accusam aliquyam diam diam dolore dolores duo eirmod eos erat, et nonumy sed tempor et et invidunt justo labore Stet clita ea et gubergren, kasd magna no rebum. sanctus sea sed takimata ut vero voluptua. est Lorem ipsum dolor sit amet. Lorem ipsum dolor sit amet, consetetur sadipscing elitr,  sed diam nonumy eirmod tempor invidunt ut labore et dolore magna aliquyam erat. \r\n\r\nConsetetur sadipscing elitr,  sed diam nonumy eirmod tempor invidunt ut labore et dolore magna aliquyam erat, sed diam voluptua. At vero eos et accusam et justo duo dolores et ea rebum. Stet clita kasd gubergren, no sea takimata sanctus est Lorem ipsum dolor sit amet. Lorem ipsum dolor sit amet, consetetur sadipscing elitr,  sed diam nonumy eirmod tempor invidunt ut labore et dolore magna aliquyam erat, sed diam voluptua. At vero eos et accusam et justo duo dolores et ea rebum. Stet clita kasd gubergren, no sea takimata sanctus est Lorem ipsum dolor sit amet. Lorem ipsum dolor sit amet, consetetur sadipscing elitr,  sed diam nonumy eirmod tempor invidunt ut labore et dolore magna aliquyam erat, sed diam voluptua. At vero eos et accusam et justo duo dolores et ea rebum. Stet clita kasd gubergren, no sea takimata sanctus est Lorem ipsum dolor sit amet.');
INSERT INTO `field_body` (pages_id, data) VALUES('1028', 'Ut wisi enim ad minim veniam, quis nostrud exerci tation ullamcorper suscipit lobortis nisl ut aliquip ex ea commodo consequat. Duis autem vel eum iriure dolor in hendrerit in vulputate velit esse molestie consequat, vel illum dolore eu feugiat nulla facilisis at vero eros et accumsan et iusto odio dignissim qui blandit praesent luptatum zzril delenit augue duis dolore te feugait nulla facilisi.\r\nNam liber tempor cum soluta nobis eleifend option congue nihil imperdiet doming id quod mazim placerat facer possim assum. Lorem ipsum dolor sit amet, consectetuer adipiscing elit, sed diam nonummy nibh euismod tincidunt ut laoreet dolore magna aliquam erat volutpat. Ut wisi enim ad minim veniam, quis nostrud exerci tation ullamcorper suscipit lobortis nisl ut aliquip ex ea commodo consequat.\r\nDuis autem vel eum iriure dolor in hendrerit in vulputate velit esse molestie consequat, vel illum dolore eu feugiat nulla facilisis.\r\nAt vero eos et accusam et justo duo dolores et ea rebum. Stet clita kasd gubergren, no sea takimata sanctus est Lorem ipsum dolor sit amet. Lorem ipsum dolor sit amet, consetetur sadipscing elitr,  sed diam nonumy eirmod tempor invidunt ut labore et dolore magna aliquyam erat, sed diam voluptua. At vero eos et accusam et justo duo dolores et ea rebum. Stet clita kasd gubergren, no sea takimata sanctus est Lorem ipsum dolor sit amet. Lorem ipsum dolor sit amet, consetetur sadipscing elitr,  At accusam aliquyam diam diam dolore dolores duo eirmod eos erat, et nonumy sed tempor et et invidunt justo labore Stet clita ea et gubergren, kasd magna no rebum. sanctus sea sed takimata ut vero voluptua. est Lorem ipsum dolor sit amet. Lorem ipsum dolor sit amet, consetetur sadipscing elitr,  sed diam nonumy eirmod tempor invidunt ut labore et dolore magna aliquyam erat. \r\nConsetetur sadipscing elitr,  sed diam nonumy eirmod tempor invidunt ut labore et dolore magna aliquyam erat, sed diam voluptua. At vero eos et accusam et justo duo dolores et ea rebum. Stet clita kasd gubergren, no sea takimata sanctus est Lorem ipsum dolor sit amet. Lorem ipsum dolor sit amet, consetetur sadipscing elitr,  sed diam nonumy eirmod tempor invidunt ut labore et dolore magna aliquyam erat, sed diam voluptua. At vero eos et accusam et justo duo dolores et ea rebum. Stet clita kasd gubergren, no sea takimata sanctus est Lorem ipsum dolor sit amet. Lorem ipsum dolor sit amet, consetetur sadipscing elitr,  sed diam nonumy eirmod tempor invidunt ut labore et dolore magna aliquyam erat, sed diam voluptua. At vero eos et accusam et justo duo dolores et ea rebum. Stet clita kasd gubergren, no sea takimata sanctus est Lorem ipsum dolor sit amet.');
INSERT INTO `field_body` (pages_id, data) VALUES('1032', 'Lorem ipsum dolor sit amet, consetetur sadipscing elitr, sed diam nonumy eirmod tempor invidunt ut labore et dolore magna aliquyam erat, sed diam voluptua. At vero eos et accusam et justo duo dolores et ea rebum. Stet clita kasd gubergren, no sea takimata sanctus est Lorem ipsum dolor sit amet. Lorem ipsum dolor sit amet, consetetur sadipscing elitr, sed diam nonumy eirmod tempor invidunt ut labore et dolore magna aliquyam erat, sed diam voluptua. At vero eos et accusam et justo duo dolores et ea rebum. Stet clita kasd gubergren, no sea takimata sanctus est Lorem ipsum dolor sit amet. Lorem ipsum dolor sit amet, consetetur sadipscing elitr, sed diam nonumy eirmod tempor invidunt ut labore et dolore magna aliquyam erat, sed diam voluptua. At vero eos et accusam et justo duo dolores et ea rebum. Stet clita kasd gubergren, no sea takimata sanctus est Lorem ipsum dolor sit amet.   \r\n\r\nDuis autem vel eum iriure dolor in hendrerit in vulputate velit esse molestie consequat, vel illum dolore eu feugiat nulla facilisis at vero eros et accumsan et iusto odio dignissim qui blandit praesent luptatum zzril delenit augue duis dolore te feugait nulla facilisi. Lorem ipsum dolor sit amet,');
INSERT INTO `field_body` (pages_id, data) VALUES('1033', 'Lorem ipsum dolor sit amet, consetetur sadipscing elitr, sed diam nonumy eirmod tempor invidunt ut labore et dolore magna aliquyam erat, sed diam voluptua. At vero eos et accusam et justo duo dolores et ea rebum. Stet clita kasd gubergren, no sea takimata sanctus est Lorem ipsum dolor sit amet. Lorem ipsum dolor sit amet, consetetur sadipscing elitr, sed diam nonumy eirmod tempor invidunt ut labore et dolore magna aliquyam erat, sed diam voluptua. At vero eos et accusam et justo duo dolores et ea rebum. Stet clita kasd gubergren, no sea takimata sanctus est Lorem ipsum dolor sit amet. Lorem ipsum dolor sit amet, consetetur sadipscing elitr, sed diam nonumy eirmod tempor invidunt ut labore et dolore magna aliquyam erat, sed diam voluptua. At vero eos et accusam et justo duo dolores et ea rebum. Stet clita kasd gubergren, no sea takimata sanctus est Lorem ipsum dolor sit amet.   \r\n\r\nDuis autem vel eum iriure dolor in hendrerit in vulputate velit esse molestie consequat, vel illum dolore eu feugiat nulla facilisis at vero eros et accumsan et iusto odio dignissim qui blandit praesent luptatum zzril delenit augue duis dolore te feugait nulla facilisi. Lorem ipsum dolor sit amet,');
INSERT INTO `field_body` (pages_id, data) VALUES('1034', 'Lorem ipsum dolor sit amet, consetetur sadipscing elitr,  sed diam nonumy eirmod tempor invidunt ut labore et dolore magna aliquyam erat, sed diam voluptua. At vero eos et accusam et justo duo dolores et ea rebum. Stet clita kasd gubergren, no sea takimata sanctus est Lorem ipsum dolor sit amet. Lorem ipsum dolor sit amet, consetetur sadipscing elitr,  sed diam nonumy eirmod tempor invidunt ut labore et dolore magna aliquyam erat, sed diam voluptua. At vero eos et accusam et justo duo dolores et ea rebum. Stet clita kasd gubergren, no sea takimata sanctus est Lorem ipsum dolor sit amet. Lorem ipsum dolor sit amet, consetetur sadipscing elitr,  sed diam nonumy eirmod tempor invidunt ut labore et dolore magna aliquyam erat, sed diam voluptua. At vero eos et accusam et justo duo dolores et ea rebum. Stet clita kasd gubergren, no sea takimata sanctus est Lorem ipsum dolor sit amet.\r\n\r\nDuis autem vel eum iriure dolor in hendrerit in vulputate velit esse molestie consequat, vel illum dolore eu feugiat nulla facilisis at vero eros et accumsan et iusto odio dignissim qui blandit praesent luptatum zzril delenit augue duis dolore te feugait nulla facilisi. Lorem ipsum dolor sit amet, consectetuer adipiscing elit, sed diam nonummy nibh euismod tincidunt ut laoreet dolore magna aliquam erat volutpat.');
INSERT INTO `field_body` (pages_id, data) VALUES('1045', 'Lorem ipsum dolor sit amet, consetetur sadipscing elitr, sed diam nonumy eirmod tempor invidunt ut labore et dolore magna aliquyam erat, sed diam voluptua. At vero eos et accusam et justo duo dolores et ea rebum. Stet clita kasd gubergren, no sea takimata sanctus est Lorem ipsum dolor sit amet. Lorem ipsum dolor sit amet, consetetur sadipscing elitr, sed diam nonumy eirmod tempor invidunt ut labore et dolore magna aliquyam erat, sed diam voluptua. At vero eos et accusam et justo duo dolores et ea rebum. Stet clita kasd gubergren, no sea takimata sanctus est Lorem ipsum dolor sit amet. Lorem ipsum dolor sit amet, consetetur sadipscing elitr, sed diam nonumy eirmod tempor invidunt ut labore et dolore magna aliquyam erat, sed diam voluptua. At vero eos et accusam et justo duo dolores et ea rebum. Stet clita kasd gubergren, no sea takimata sanctus est Lorem ipsum dolor sit amet.   \r\n\r\nDuis autem vel eum iriure dolor in hendrerit in vulputate velit esse molestie consequat, vel illum dolore eu feugiat nulla facilisis at vero eros et accumsan et iusto odio dignissim qui blandit praesent luptatum zzril delenit augue duis dolore te feugait nulla facilisi. Lorem ipsum dolor sit amet.');

DROP TABLE IF EXISTS `field_bookmarkedpagesbyuser`;
CREATE TABLE `field_bookmarkedpagesbyuser` (
  `pages_id` int(10) unsigned NOT NULL,
  `data` int(11) NOT NULL,
  `sort` int(10) unsigned NOT NULL,
  PRIMARY KEY (`pages_id`,`sort`),
  KEY `data` (`data`,`pages_id`,`sort`)
) ENGINE=MyISAM DEFAULT CHARSET=utf8;

INSERT INTO `field_bookmarkedpagesbyuser` (pages_id, data, sort) VALUES('41', '1010', '0');
INSERT INTO `field_bookmarkedpagesbyuser` (pages_id, data, sort) VALUES('1044', '1020', '0');

DROP TABLE IF EXISTS `field_guestbody`;
CREATE TABLE `field_guestbody` (
  `pages_id` int(10) unsigned NOT NULL,
  `data` mediumtext NOT NULL,
  PRIMARY KEY (`pages_id`),
  KEY `data_exact` (`data`(255)),
  FULLTEXT KEY `data` (`data`)
) ENGINE=MyISAM DEFAULT CHARSET=utf8;

INSERT INTO `field_guestbody` (pages_id, data) VALUES('1', '## Welcome\r\n\r\nPlease log in.');

INSERT INTO `field_process` (pages_id, data) VALUES('6', '17') ON DUPLICATE KEY UPDATE pages_id=VALUES(pages_id), data=VALUES(data);
INSERT INTO `field_process` (pages_id, data) VALUES('3', '12') ON DUPLICATE KEY UPDATE pages_id=VALUES(pages_id), data=VALUES(data);
INSERT INTO `field_process` (pages_id, data) VALUES('8', '12') ON DUPLICATE KEY UPDATE pages_id=VALUES(pages_id), data=VALUES(data);
INSERT INTO `field_process` (pages_id, data) VALUES('9', '14') ON DUPLICATE KEY UPDATE pages_id=VALUES(pages_id), data=VALUES(data);
INSERT INTO `field_process` (pages_id, data) VALUES('10', '7') ON DUPLICATE KEY UPDATE pages_id=VALUES(pages_id), data=VALUES(data);
INSERT INTO `field_process` (pages_id, data) VALUES('11', '47') ON DUPLICATE KEY UPDATE pages_id=VALUES(pages_id), data=VALUES(data);
INSERT INTO `field_process` (pages_id, data) VALUES('16', '48') ON DUPLICATE KEY UPDATE pages_id=VALUES(pages_id), data=VALUES(data);
INSERT INTO `field_process` (pages_id, data) VALUES('300', '104') ON DUPLICATE KEY UPDATE pages_id=VALUES(pages_id), data=VALUES(data);
INSERT INTO `field_process` (pages_id, data) VALUES('21', '50') ON DUPLICATE KEY UPDATE pages_id=VALUES(pages_id), data=VALUES(data);
INSERT INTO `field_process` (pages_id, data) VALUES('29', '66') ON DUPLICATE KEY UPDATE pages_id=VALUES(pages_id), data=VALUES(data);
INSERT INTO `field_process` (pages_id, data) VALUES('23', '10') ON DUPLICATE KEY UPDATE pages_id=VALUES(pages_id), data=VALUES(data);
INSERT INTO `field_process` (pages_id, data) VALUES('304', '138') ON DUPLICATE KEY UPDATE pages_id=VALUES(pages_id), data=VALUES(data);
INSERT INTO `field_process` (pages_id, data) VALUES('31', '136') ON DUPLICATE KEY UPDATE pages_id=VALUES(pages_id), data=VALUES(data);
INSERT INTO `field_process` (pages_id, data) VALUES('22', '76') ON DUPLICATE KEY UPDATE pages_id=VALUES(pages_id), data=VALUES(data);
INSERT INTO `field_process` (pages_id, data) VALUES('30', '68') ON DUPLICATE KEY UPDATE pages_id=VALUES(pages_id), data=VALUES(data);
INSERT INTO `field_process` (pages_id, data) VALUES('303', '129') ON DUPLICATE KEY UPDATE pages_id=VALUES(pages_id), data=VALUES(data);
INSERT INTO `field_process` (pages_id, data) VALUES('2', '87') ON DUPLICATE KEY UPDATE pages_id=VALUES(pages_id), data=VALUES(data);
INSERT INTO `field_process` (pages_id, data) VALUES('302', '121') ON DUPLICATE KEY UPDATE pages_id=VALUES(pages_id), data=VALUES(data);
INSERT INTO `field_process` (pages_id, data) VALUES('301', '109') ON DUPLICATE KEY UPDATE pages_id=VALUES(pages_id), data=VALUES(data);
INSERT INTO `field_process` (pages_id, data) VALUES('28', '76') ON DUPLICATE KEY UPDATE pages_id=VALUES(pages_id), data=VALUES(data);
INSERT INTO `field_process` (pages_id, data) VALUES('1006', '148') ON DUPLICATE KEY UPDATE pages_id=VALUES(pages_id), data=VALUES(data);
INSERT INTO `field_process` (pages_id, data) VALUES('1013', '150') ON DUPLICATE KEY UPDATE pages_id=VALUES(pages_id), data=VALUES(data);
INSERT INTO `field_process` (pages_id, data) VALUES('1022', '153') ON DUPLICATE KEY UPDATE pages_id=VALUES(pages_id), data=VALUES(data);

DROP TABLE IF EXISTS `field_repeatersources`;
CREATE TABLE `field_repeatersources` (
  `pages_id` int(10) unsigned NOT NULL,
  `data` text NOT NULL,
  `count` int(11) NOT NULL,
  `parent_id` int(11) NOT NULL,
  PRIMARY KEY (`pages_id`),
  KEY `data_exact` (`data`(1)),
  KEY `count` (`count`,`pages_id`),
  KEY `parent_id` (`parent_id`,`pages_id`),
  FULLTEXT KEY `data` (`data`)
) ENGINE=MyISAM DEFAULT CHARSET=utf8;

INSERT INTO `field_repeatersources` (pages_id, data, count, parent_id) VALUES('1010', '1039,1040', '2', '1038');
INSERT INTO `field_repeatersources` (pages_id, data, count, parent_id) VALUES('1045', '', '0', '1046');
INSERT INTO `field_repeatersources` (pages_id, data, count, parent_id) VALUES('1017', '', '0', '1051');
INSERT INTO `field_repeatersources` (pages_id, data, count, parent_id) VALUES('1018', '', '0', '1055');
INSERT INTO `field_repeatersources` (pages_id, data, count, parent_id) VALUES('1025', '', '0', '1059');
INSERT INTO `field_repeatersources` (pages_id, data, count, parent_id) VALUES('1019', '', '0', '1063');
INSERT INTO `field_repeatersources` (pages_id, data, count, parent_id) VALUES('1027', '', '0', '1067');
INSERT INTO `field_repeatersources` (pages_id, data, count, parent_id) VALUES('1028', '', '0', '1071');
INSERT INTO `field_repeatersources` (pages_id, data, count, parent_id) VALUES('1034', '', '0', '1075');

DROP TABLE IF EXISTS `field_showchildpages`;
CREATE TABLE `field_showchildpages` (
  `pages_id` int(10) unsigned NOT NULL,
  `data` tinyint(4) NOT NULL,
  PRIMARY KEY (`pages_id`),
  KEY `data` (`data`)
) ENGINE=MyISAM DEFAULT CHARSET=utf8;

INSERT INTO `field_showchildpages` (pages_id, data) VALUES('1017', '1');
INSERT INTO `field_showchildpages` (pages_id, data) VALUES('1010', '1');
INSERT INTO `field_showchildpages` (pages_id, data) VALUES('1020', '1');
INSERT INTO `field_showchildpages` (pages_id, data) VALUES('1027', '1');
INSERT INTO `field_showchildpages` (pages_id, data) VALUES('1032', '1');

DROP TABLE IF EXISTS `field_sitename`;
CREATE TABLE `field_sitename` (
  `pages_id` int(10) unsigned NOT NULL,
  `data` text NOT NULL,
  PRIMARY KEY (`pages_id`),
  KEY `data_exact` (`data`(255)),
  FULLTEXT KEY `data` (`data`)
) ENGINE=MyISAM DEFAULT CHARSET=utf8;

INSERT INTO `field_sitename` (pages_id, data) VALUES('1', 'Some KB profile');

DROP TABLE IF EXISTS `field_sourcelabel`;
CREATE TABLE `field_sourcelabel` (
  `pages_id` int(10) unsigned NOT NULL,
  `data` text NOT NULL,
  PRIMARY KEY (`pages_id`),
  KEY `data_exact` (`data`(255)),
  FULLTEXT KEY `data` (`data`)
) ENGINE=MyISAM DEFAULT CHARSET=utf8;

INSERT INTO `field_sourcelabel` (pages_id, data) VALUES('1039', 'Example');
INSERT INTO `field_sourcelabel` (pages_id, data) VALUES('1040', 'Google');

DROP TABLE IF EXISTS `field_sourceurl`;
CREATE TABLE `field_sourceurl` (
  `pages_id` int(10) unsigned NOT NULL,
  `data` text NOT NULL,
  PRIMARY KEY (`pages_id`),
  KEY `data_exact` (`data`(255)),
  FULLTEXT KEY `data` (`data`)
) ENGINE=MyISAM DEFAULT CHARSET=utf8;

INSERT INTO `field_sourceurl` (pages_id, data) VALUES('1039', 'http://example.org');
INSERT INTO `field_sourceurl` (pages_id, data) VALUES('1040', 'http://google.com');

DROP TABLE IF EXISTS `field_sticky`;
CREATE TABLE `field_sticky` (
  `pages_id` int(10) unsigned NOT NULL,
  `data` tinyint(4) NOT NULL,
  PRIMARY KEY (`pages_id`),
  KEY `data` (`data`)
) ENGINE=MyISAM DEFAULT CHARSET=utf8;

INSERT INTO `field_sticky` (pages_id, data) VALUES('1025', '1');
INSERT INTO `field_sticky` (pages_id, data) VALUES('1032', '1');

DROP TABLE IF EXISTS `field_tags`;
CREATE TABLE `field_tags` (
  `pages_id` int(10) unsigned NOT NULL,
  `data` int(11) NOT NULL,
  `sort` int(10) unsigned NOT NULL,
  PRIMARY KEY (`pages_id`,`sort`),
  KEY `data` (`data`,`pages_id`,`sort`)
) ENGINE=MyISAM DEFAULT CHARSET=utf8;

INSERT INTO `field_tags` (pages_id, data, sort) VALUES('1010', '1008', '0');
INSERT INTO `field_tags` (pages_id, data, sort) VALUES('1017', '1008', '0');
INSERT INTO `field_tags` (pages_id, data, sort) VALUES('1010', '1009', '1');
INSERT INTO `field_tags` (pages_id, data, sort) VALUES('1020', '1009', '0');
INSERT INTO `field_tags` (pages_id, data, sort) VALUES('1017', '1023', '1');
INSERT INTO `field_tags` (pages_id, data, sort) VALUES('1030', '1031', '0');

INSERT INTO `field_title` (pages_id, data) VALUES('1', 'Dashboard') ON DUPLICATE KEY UPDATE pages_id=VALUES(pages_id), data=VALUES(data);
INSERT INTO `field_title` (pages_id, data) VALUES('1006', 'Export Site Profile') ON DUPLICATE KEY UPDATE pages_id=VALUES(pages_id), data=VALUES(data);
INSERT INTO `field_title` (pages_id, data) VALUES('1007', 'Tags') ON DUPLICATE KEY UPDATE pages_id=VALUES(pages_id), data=VALUES(data);
INSERT INTO `field_title` (pages_id, data) VALUES('1008', 'Tag 1') ON DUPLICATE KEY UPDATE pages_id=VALUES(pages_id), data=VALUES(data);
INSERT INTO `field_title` (pages_id, data) VALUES('1009', 'Tag 2') ON DUPLICATE KEY UPDATE pages_id=VALUES(pages_id), data=VALUES(data);
INSERT INTO `field_title` (pages_id, data) VALUES('1010', 'Web Development') ON DUPLICATE KEY UPDATE pages_id=VALUES(pages_id), data=VALUES(data);
INSERT INTO `field_title` (pages_id, data) VALUES('1011', 'Clone a page') ON DUPLICATE KEY UPDATE pages_id=VALUES(pages_id), data=VALUES(data);
INSERT INTO `field_title` (pages_id, data) VALUES('1012', 'Clone a tree of pages') ON DUPLICATE KEY UPDATE pages_id=VALUES(pages_id), data=VALUES(data);
INSERT INTO `field_title` (pages_id, data) VALUES('1014', 'Clients') ON DUPLICATE KEY UPDATE pages_id=VALUES(pages_id), data=VALUES(data);
INSERT INTO `field_title` (pages_id, data) VALUES('1015', 'Meta') ON DUPLICATE KEY UPDATE pages_id=VALUES(pages_id), data=VALUES(data);
INSERT INTO `field_title` (pages_id, data) VALUES('1016', 'About') ON DUPLICATE KEY UPDATE pages_id=VALUES(pages_id), data=VALUES(data);
INSERT INTO `field_title` (pages_id, data) VALUES('1017', 'HTML') ON DUPLICATE KEY UPDATE pages_id=VALUES(pages_id), data=VALUES(data);
INSERT INTO `field_title` (pages_id, data) VALUES('1018', 'History of HTML') ON DUPLICATE KEY UPDATE pages_id=VALUES(pages_id), data=VALUES(data);
INSERT INTO `field_title` (pages_id, data) VALUES('1019', 'Web Components') ON DUPLICATE KEY UPDATE pages_id=VALUES(pages_id), data=VALUES(data);
INSERT INTO `field_title` (pages_id, data) VALUES('1020', 'Shadow DOM') ON DUPLICATE KEY UPDATE pages_id=VALUES(pages_id), data=VALUES(data);
INSERT INTO `field_title` (pages_id, data) VALUES('1021', 'Introduction') ON DUPLICATE KEY UPDATE pages_id=VALUES(pages_id), data=VALUES(data);
INSERT INTO `field_title` (pages_id, data) VALUES('1022', 'Fredi - field edit') ON DUPLICATE KEY UPDATE pages_id=VALUES(pages_id), data=VALUES(data);
INSERT INTO `field_title` (pages_id, data) VALUES('1023', 'Tag 3') ON DUPLICATE KEY UPDATE pages_id=VALUES(pages_id), data=VALUES(data);
INSERT INTO `field_title` (pages_id, data) VALUES('1024', 'Tim Berners-Lee') ON DUPLICATE KEY UPDATE pages_id=VALUES(pages_id), data=VALUES(data);
INSERT INTO `field_title` (pages_id, data) VALUES('1025', 'Tim Berners-Lee') ON DUPLICATE KEY UPDATE pages_id=VALUES(pages_id), data=VALUES(data);
INSERT INTO `field_title` (pages_id, data) VALUES('1026', 'My Profile') ON DUPLICATE KEY UPDATE pages_id=VALUES(pages_id), data=VALUES(data);
INSERT INTO `field_title` (pages_id, data) VALUES('1027', 'CSS') ON DUPLICATE KEY UPDATE pages_id=VALUES(pages_id), data=VALUES(data);
INSERT INTO `field_title` (pages_id, data) VALUES('1028', 'CSS 3') ON DUPLICATE KEY UPDATE pages_id=VALUES(pages_id), data=VALUES(data);
INSERT INTO `field_title` (pages_id, data) VALUES('1029', 'Search') ON DUPLICATE KEY UPDATE pages_id=VALUES(pages_id), data=VALUES(data);
INSERT INTO `field_title` (pages_id, data) VALUES('1030', 'Acme Inc.') ON DUPLICATE KEY UPDATE pages_id=VALUES(pages_id), data=VALUES(data);
INSERT INTO `field_title` (pages_id, data) VALUES('1031', 'Important') ON DUPLICATE KEY UPDATE pages_id=VALUES(pages_id), data=VALUES(data);
INSERT INTO `field_title` (pages_id, data) VALUES('1032', 'Usage of this wiki') ON DUPLICATE KEY UPDATE pages_id=VALUES(pages_id), data=VALUES(data);
INSERT INTO `field_title` (pages_id, data) VALUES('1033', 'Markdown') ON DUPLICATE KEY UPDATE pages_id=VALUES(pages_id), data=VALUES(data);
INSERT INTO `field_title` (pages_id, data) VALUES('1034', 'Keyframe animation') ON DUPLICATE KEY UPDATE pages_id=VALUES(pages_id), data=VALUES(data);
INSERT INTO `field_title` (pages_id, data) VALUES('1035', 'Logout') ON DUPLICATE KEY UPDATE pages_id=VALUES(pages_id), data=VALUES(data);
INSERT INTO `field_title` (pages_id, data) VALUES('1036', 'Repeaters') ON DUPLICATE KEY UPDATE pages_id=VALUES(pages_id), data=VALUES(data);
INSERT INTO `field_title` (pages_id, data) VALUES('1037', 'repeaterSources') ON DUPLICATE KEY UPDATE pages_id=VALUES(pages_id), data=VALUES(data);
INSERT INTO `field_title` (pages_id, data) VALUES('1038', 'area-1') ON DUPLICATE KEY UPDATE pages_id=VALUES(pages_id), data=VALUES(data);
INSERT INTO `field_title` (pages_id, data) VALUES('1045', 'Blend modes') ON DUPLICATE KEY UPDATE pages_id=VALUES(pages_id), data=VALUES(data);
INSERT INTO `field_title` (pages_id, data) VALUES('1046', 'blend-modes') ON DUPLICATE KEY UPDATE pages_id=VALUES(pages_id), data=VALUES(data);
INSERT INTO `field_title` (pages_id, data) VALUES('1050', 'Future') ON DUPLICATE KEY UPDATE pages_id=VALUES(pages_id), data=VALUES(data);
INSERT INTO `field_title` (pages_id, data) VALUES('1051', 'html') ON DUPLICATE KEY UPDATE pages_id=VALUES(pages_id), data=VALUES(data);
INSERT INTO `field_title` (pages_id, data) VALUES('1055', 'unterseite-html') ON DUPLICATE KEY UPDATE pages_id=VALUES(pages_id), data=VALUES(data);
INSERT INTO `field_title` (pages_id, data) VALUES('1059', 'tim-berners-lee') ON DUPLICATE KEY UPDATE pages_id=VALUES(pages_id), data=VALUES(data);
INSERT INTO `field_title` (pages_id, data) VALUES('1063', 'webcomponents') ON DUPLICATE KEY UPDATE pages_id=VALUES(pages_id), data=VALUES(data);
INSERT INTO `field_title` (pages_id, data) VALUES('1067', 'css') ON DUPLICATE KEY UPDATE pages_id=VALUES(pages_id), data=VALUES(data);
INSERT INTO `field_title` (pages_id, data) VALUES('1071', 'css-3') ON DUPLICATE KEY UPDATE pages_id=VALUES(pages_id), data=VALUES(data);
INSERT INTO `field_title` (pages_id, data) VALUES('1075', 'keyframe-animation') ON DUPLICATE KEY UPDATE pages_id=VALUES(pages_id), data=VALUES(data);

INSERT INTO `fieldgroups` (id, name) VALUES('1', 'home') ON DUPLICATE KEY UPDATE id=VALUES(id), name=VALUES(name);
INSERT INTO `fieldgroups` (id, name) VALUES('83', 'basic-page') ON DUPLICATE KEY UPDATE id=VALUES(id), name=VALUES(name);
INSERT INTO `fieldgroups` (id, name) VALUES('98', 'wiki-page') ON DUPLICATE KEY UPDATE id=VALUES(id), name=VALUES(name);
INSERT INTO `fieldgroups` (id, name) VALUES('99', '_container') ON DUPLICATE KEY UPDATE id=VALUES(id), name=VALUES(name);
INSERT INTO `fieldgroups` (id, name) VALUES('100', 'tag-list') ON DUPLICATE KEY UPDATE id=VALUES(id), name=VALUES(name);
INSERT INTO `fieldgroups` (id, name) VALUES('101', 'user-profile') ON DUPLICATE KEY UPDATE id=VALUES(id), name=VALUES(name);
INSERT INTO `fieldgroups` (id, name) VALUES('102', 'search-result') ON DUPLICATE KEY UPDATE id=VALUES(id), name=VALUES(name);
INSERT INTO `fieldgroups` (id, name) VALUES('104', 'user-logout') ON DUPLICATE KEY UPDATE id=VALUES(id), name=VALUES(name);
INSERT INTO `fieldgroups` (id, name) VALUES('105', 'repeater_repeaterSources') ON DUPLICATE KEY UPDATE id=VALUES(id), name=VALUES(name);

INSERT INTO `fieldgroups_fields` (fieldgroups_id, fields_id, sort, data) VALUES('2', '2', '1', '') ON DUPLICATE KEY UPDATE fieldgroups_id=VALUES(fieldgroups_id), fields_id=VALUES(fields_id), sort=VALUES(sort), data=VALUES(data);
INSERT INTO `fieldgroups_fields` (fieldgroups_id, fields_id, sort, data) VALUES('2', '1', '0', '') ON DUPLICATE KEY UPDATE fieldgroups_id=VALUES(fieldgroups_id), fields_id=VALUES(fields_id), sort=VALUES(sort), data=VALUES(data);
INSERT INTO `fieldgroups_fields` (fieldgroups_id, fields_id, sort, data) VALUES('3', '4', '2', '') ON DUPLICATE KEY UPDATE fieldgroups_id=VALUES(fieldgroups_id), fields_id=VALUES(fields_id), sort=VALUES(sort), data=VALUES(data);
INSERT INTO `fieldgroups_fields` (fieldgroups_id, fields_id, sort, data) VALUES('3', '92', '1', '') ON DUPLICATE KEY UPDATE fieldgroups_id=VALUES(fieldgroups_id), fields_id=VALUES(fields_id), sort=VALUES(sort), data=VALUES(data);
INSERT INTO `fieldgroups_fields` (fieldgroups_id, fields_id, sort, data) VALUES('4', '5', '0', '') ON DUPLICATE KEY UPDATE fieldgroups_id=VALUES(fieldgroups_id), fields_id=VALUES(fields_id), sort=VALUES(sort), data=VALUES(data);
INSERT INTO `fieldgroups_fields` (fieldgroups_id, fields_id, sort, data) VALUES('5', '1', '0', '') ON DUPLICATE KEY UPDATE fieldgroups_id=VALUES(fieldgroups_id), fields_id=VALUES(fields_id), sort=VALUES(sort), data=VALUES(data);
INSERT INTO `fieldgroups_fields` (fieldgroups_id, fields_id, sort, data) VALUES('3', '3', '0', '') ON DUPLICATE KEY UPDATE fieldgroups_id=VALUES(fieldgroups_id), fields_id=VALUES(fields_id), sort=VALUES(sort), data=VALUES(data);
INSERT INTO `fieldgroups_fields` (fieldgroups_id, fields_id, sort, data) VALUES('83', '76', '1', '') ON DUPLICATE KEY UPDATE fieldgroups_id=VALUES(fieldgroups_id), fields_id=VALUES(fields_id), sort=VALUES(sort), data=VALUES(data);
INSERT INTO `fieldgroups_fields` (fieldgroups_id, fields_id, sort, data) VALUES('83', '1', '0', '') ON DUPLICATE KEY UPDATE fieldgroups_id=VALUES(fieldgroups_id), fields_id=VALUES(fields_id), sort=VALUES(sort), data=VALUES(data);
INSERT INTO `fieldgroups_fields` (fieldgroups_id, fields_id, sort, data) VALUES('1', '98', '2', '') ON DUPLICATE KEY UPDATE fieldgroups_id=VALUES(fieldgroups_id), fields_id=VALUES(fields_id), sort=VALUES(sort), data=VALUES(data);
INSERT INTO `fieldgroups_fields` (fieldgroups_id, fields_id, sort, data) VALUES('98', '99', '3', '') ON DUPLICATE KEY UPDATE fieldgroups_id=VALUES(fieldgroups_id), fields_id=VALUES(fields_id), sort=VALUES(sort), data=VALUES(data);
INSERT INTO `fieldgroups_fields` (fieldgroups_id, fields_id, sort, data) VALUES('99', '1', '0', '') ON DUPLICATE KEY UPDATE fieldgroups_id=VALUES(fieldgroups_id), fields_id=VALUES(fields_id), sort=VALUES(sort), data=VALUES(data);
INSERT INTO `fieldgroups_fields` (fieldgroups_id, fields_id, sort, data) VALUES('1', '76', '1', '') ON DUPLICATE KEY UPDATE fieldgroups_id=VALUES(fieldgroups_id), fields_id=VALUES(fields_id), sort=VALUES(sort), data=VALUES(data);
INSERT INTO `fieldgroups_fields` (fieldgroups_id, fields_id, sort, data) VALUES('1', '1', '0', '') ON DUPLICATE KEY UPDATE fieldgroups_id=VALUES(fieldgroups_id), fields_id=VALUES(fields_id), sort=VALUES(sort), data=VALUES(data);
INSERT INTO `fieldgroups_fields` (fieldgroups_id, fields_id, sort, data) VALUES('98', '76', '1', '') ON DUPLICATE KEY UPDATE fieldgroups_id=VALUES(fieldgroups_id), fields_id=VALUES(fields_id), sort=VALUES(sort), data=VALUES(data);
INSERT INTO `fieldgroups_fields` (fieldgroups_id, fields_id, sort, data) VALUES('98', '97', '2', '') ON DUPLICATE KEY UPDATE fieldgroups_id=VALUES(fieldgroups_id), fields_id=VALUES(fields_id), sort=VALUES(sort), data=VALUES(data);
INSERT INTO `fieldgroups_fields` (fieldgroups_id, fields_id, sort, data) VALUES('100', '1', '0', '') ON DUPLICATE KEY UPDATE fieldgroups_id=VALUES(fieldgroups_id), fields_id=VALUES(fields_id), sort=VALUES(sort), data=VALUES(data);
INSERT INTO `fieldgroups_fields` (fieldgroups_id, fields_id, sort, data) VALUES('3', '101', '3', '') ON DUPLICATE KEY UPDATE fieldgroups_id=VALUES(fieldgroups_id), fields_id=VALUES(fields_id), sort=VALUES(sort), data=VALUES(data);
INSERT INTO `fieldgroups_fields` (fieldgroups_id, fields_id, sort, data) VALUES('101', '1', '0', '') ON DUPLICATE KEY UPDATE fieldgroups_id=VALUES(fieldgroups_id), fields_id=VALUES(fields_id), sort=VALUES(sort), data=VALUES(data);
INSERT INTO `fieldgroups_fields` (fieldgroups_id, fields_id, sort, data) VALUES('102', '1', '0', '') ON DUPLICATE KEY UPDATE fieldgroups_id=VALUES(fieldgroups_id), fields_id=VALUES(fields_id), sort=VALUES(sort), data=VALUES(data);
INSERT INTO `fieldgroups_fields` (fieldgroups_id, fields_id, sort, data) VALUES('104', '1', '0', '') ON DUPLICATE KEY UPDATE fieldgroups_id=VALUES(fieldgroups_id), fields_id=VALUES(fields_id), sort=VALUES(sort), data=VALUES(data);
INSERT INTO `fieldgroups_fields` (fieldgroups_id, fields_id, sort, data) VALUES('98', '1', '0', '') ON DUPLICATE KEY UPDATE fieldgroups_id=VALUES(fieldgroups_id), fields_id=VALUES(fields_id), sort=VALUES(sort), data=VALUES(data);
INSERT INTO `fieldgroups_fields` (fieldgroups_id, fields_id, sort, data) VALUES('105', '104', '0', '{\"columnWidth\":50}') ON DUPLICATE KEY UPDATE fieldgroups_id=VALUES(fieldgroups_id), fields_id=VALUES(fields_id), sort=VALUES(sort), data=VALUES(data);
INSERT INTO `fieldgroups_fields` (fieldgroups_id, fields_id, sort, data) VALUES('105', '102', '1', '{\"columnWidth\":50}') ON DUPLICATE KEY UPDATE fieldgroups_id=VALUES(fieldgroups_id), fields_id=VALUES(fields_id), sort=VALUES(sort), data=VALUES(data);
INSERT INTO `fieldgroups_fields` (fieldgroups_id, fields_id, sort, data) VALUES('1', '105', '3', '') ON DUPLICATE KEY UPDATE fieldgroups_id=VALUES(fieldgroups_id), fields_id=VALUES(fields_id), sort=VALUES(sort), data=VALUES(data);
INSERT INTO `fieldgroups_fields` (fieldgroups_id, fields_id, sort, data) VALUES('98', '100', '4', '') ON DUPLICATE KEY UPDATE fieldgroups_id=VALUES(fieldgroups_id), fields_id=VALUES(fields_id), sort=VALUES(sort), data=VALUES(data);
INSERT INTO `fieldgroups_fields` (fieldgroups_id, fields_id, sort, data) VALUES('98', '103', '5', '') ON DUPLICATE KEY UPDATE fieldgroups_id=VALUES(fieldgroups_id), fields_id=VALUES(fields_id), sort=VALUES(sort), data=VALUES(data);

INSERT INTO `fields` (id, type, name, flags, label, data) VALUES('76', 'FieldtypeTextarea', 'body', '0', 'Body', '{\"inputfieldClass\":\"InputfieldTextarea\",\"rows\":10,\"theme_advanced_buttons1\":\"formatselect,|,bold,italic,|,bullist,numlist,|,link,unlink,|,image,|,code,|,fullscreen\",\"theme_advanced_blockformats\":\"p,h2,h3,h4,blockquote,pre\",\"plugins\":\"inlinepopups,safari,media,paste,fullscreen\",\"valid_elements\":\"@[id|class],a[href|target|name],strong\\/b,em\\/i,br,img[src|id|class|width|height|alt],ul,ol,li,p[class],h2,h3,h4,blockquote,-p,-table[border=0|cellspacing|cellpadding|width|frame|rules|height|align|summary|bgcolor|background|bordercolor],-tr[rowspan|width|height|align|valign|bgcolor|background|bordercolor],tbody,thead,tfoot,#td[colspan|rowspan|width|height|align|valign|bgcolor|background|bordercolor|scope],#th[colspan|rowspan|width|height|align|valign|scope],code,pre\",\"contentType\":1,\"textformatters\":[\"TextformatterMarkdownExtra\",\"TextformatterSmartypants\"]}') ON DUPLICATE KEY UPDATE id=VALUES(id), type=VALUES(type), name=VALUES(name), flags=VALUES(flags), label=VALUES(label), data=VALUES(data);
INSERT INTO `fields` (id, type, name, flags, label, data) VALUES('97', 'FieldtypeCheckbox', 'showChildPages', '0', 'Show child pages below body?', '') ON DUPLICATE KEY UPDATE id=VALUES(id), type=VALUES(type), name=VALUES(name), flags=VALUES(flags), label=VALUES(label), data=VALUES(data);
INSERT INTO `fields` (id, type, name, flags, label, data) VALUES('98', 'FieldtypeText', 'siteName', '0', 'Site name', '') ON DUPLICATE KEY UPDATE id=VALUES(id), type=VALUES(type), name=VALUES(name), flags=VALUES(flags), label=VALUES(label), data=VALUES(data);
INSERT INTO `fields` (id, type, name, flags, label, data) VALUES('99', 'FieldtypePage', 'tags', '0', 'Tags', '{\"derefAsPage\":0,\"parent_id\":1007,\"labelFieldName\":\"title\",\"inputfield\":\"InputfieldAsmSelect\",\"addable\":1,\"template_id\":46}') ON DUPLICATE KEY UPDATE id=VALUES(id), type=VALUES(type), name=VALUES(name), flags=VALUES(flags), label=VALUES(label), data=VALUES(data);
INSERT INTO `fields` (id, type, name, flags, label, data) VALUES('100', 'FieldtypeCheckbox', 'sticky', '0', 'Is sticky', '') ON DUPLICATE KEY UPDATE id=VALUES(id), type=VALUES(type), name=VALUES(name), flags=VALUES(flags), label=VALUES(label), data=VALUES(data);
INSERT INTO `fields` (id, type, name, flags, label, data) VALUES('101', 'FieldtypePage', 'bookmarkedPagesByUser', '0', 'Bookmarked pages by user', '{\"derefAsPage\":0,\"parent_id\":0,\"template_id\":44,\"labelFieldName\":\"title\",\"inputfield\":\"InputfieldSelectMultiple\"}') ON DUPLICATE KEY UPDATE id=VALUES(id), type=VALUES(type), name=VALUES(name), flags=VALUES(flags), label=VALUES(label), data=VALUES(data);
INSERT INTO `fields` (id, type, name, flags, label, data) VALUES('102', 'FieldtypeURL', 'sourceUrl', '0', 'Source URL', '{\"noRelative\":0,\"addRoot\":0,\"size\":0,\"maxlength\":1024}') ON DUPLICATE KEY UPDATE id=VALUES(id), type=VALUES(type), name=VALUES(name), flags=VALUES(flags), label=VALUES(label), data=VALUES(data);
INSERT INTO `fields` (id, type, name, flags, label, data) VALUES('103', 'FieldtypeRepeater', 'repeaterSources', '0', 'Sources', '{\"template_id\":51,\"parent_id\":1037,\"repeaterReadyItems\":3,\"repeaterFields\":[104,102]}') ON DUPLICATE KEY UPDATE id=VALUES(id), type=VALUES(type), name=VALUES(name), flags=VALUES(flags), label=VALUES(label), data=VALUES(data);
INSERT INTO `fields` (id, type, name, flags, label, data) VALUES('104', 'FieldtypeText', 'sourceLabel', '0', 'Source label', '') ON DUPLICATE KEY UPDATE id=VALUES(id), type=VALUES(type), name=VALUES(name), flags=VALUES(flags), label=VALUES(label), data=VALUES(data);
INSERT INTO `fields` (id, type, name, flags, label, data) VALUES('105', 'FieldtypeTextarea', 'guestBody', '0', 'Log-in message for anonymous users', '{\"textformatters\":[\"TextformatterMarkdownExtra\"],\"inputfieldClass\":\"InputfieldTextarea\",\"contentType\":1,\"rows\":5}') ON DUPLICATE KEY UPDATE id=VALUES(id), type=VALUES(type), name=VALUES(name), flags=VALUES(flags), label=VALUES(label), data=VALUES(data);

INSERT INTO `modules` (id, class, flags, data) VALUES('148', 'ProcessExportProfile', '1', '') ON DUPLICATE KEY UPDATE id=VALUES(id), class=VALUES(class), flags=VALUES(flags), data=VALUES(data);
INSERT INTO `modules` (id, class, flags, data) VALUES('149', 'AdminThemeDefault', '2', '{\"colors\":\"classic\"}') ON DUPLICATE KEY UPDATE id=VALUES(id), class=VALUES(class), flags=VALUES(flags), data=VALUES(data);
INSERT INTO `modules` (id, class, flags, data) VALUES('150', 'ProcessPageClone', '3', '') ON DUPLICATE KEY UPDATE id=VALUES(id), class=VALUES(class), flags=VALUES(flags), data=VALUES(data);
INSERT INTO `modules` (id, class, flags, data) VALUES('151', 'MarkupSimpleNavigation', '0', '') ON DUPLICATE KEY UPDATE id=VALUES(id), class=VALUES(class), flags=VALUES(flags), data=VALUES(data);
INSERT INTO `modules` (id, class, flags, data) VALUES('152', 'Fredi', '0', '') ON DUPLICATE KEY UPDATE id=VALUES(id), class=VALUES(class), flags=VALUES(flags), data=VALUES(data);
INSERT INTO `modules` (id, class, flags, data) VALUES('153', 'FrediProcess', '1', '') ON DUPLICATE KEY UPDATE id=VALUES(id), class=VALUES(class), flags=VALUES(flags), data=VALUES(data);
INSERT INTO `modules` (id, class, flags, data) VALUES('155', 'TextformatterNewlineBR', '1', '') ON DUPLICATE KEY UPDATE id=VALUES(id), class=VALUES(class), flags=VALUES(flags), data=VALUES(data);
INSERT INTO `modules` (id, class, flags, data) VALUES('156', 'FieldtypeRepeater', '3', '{\"repeatersRootPageID\":1036}') ON DUPLICATE KEY UPDATE id=VALUES(id), class=VALUES(class), flags=VALUES(flags), data=VALUES(data);
INSERT INTO `modules` (id, class, flags, data) VALUES('157', 'InputfieldRepeater', '0', '') ON DUPLICATE KEY UPDATE id=VALUES(id), class=VALUES(class), flags=VALUES(flags), data=VALUES(data);

INSERT INTO `pages` (id, parent_id, templates_id, name, status, modified, modified_users_id, created, created_users_id, sort) VALUES('1', '0', '1', 'home', '9', '2014-03-29 16:29:53', '41', '0000-00-00 00:00:00', '2', '0') ON DUPLICATE KEY UPDATE id=VALUES(id), parent_id=VALUES(parent_id), templates_id=VALUES(templates_id), name=VALUES(name), status=VALUES(status), modified=VALUES(modified), modified_users_id=VALUES(modified_users_id), created=VALUES(created), created_users_id=VALUES(created_users_id), sort=VALUES(sort);
INSERT INTO `pages` (id, parent_id, templates_id, name, status, modified, modified_users_id, created, created_users_id, sort) VALUES('27', '1', '29', 'http404', '1035', '2012-04-11 01:39:34', '41', '2010-06-03 06:53:03', '3', '8') ON DUPLICATE KEY UPDATE id=VALUES(id), parent_id=VALUES(parent_id), templates_id=VALUES(templates_id), name=VALUES(name), status=VALUES(status), modified=VALUES(modified), modified_users_id=VALUES(modified_users_id), created=VALUES(created), created_users_id=VALUES(created_users_id), sort=VALUES(sort);
INSERT INTO `pages` (id, parent_id, templates_id, name, status, modified, modified_users_id, created, created_users_id, sort) VALUES('1006', '22', '2', 'export-site-profile', '1', '2012-04-11 01:48:25', '41', '2012-04-11 01:48:25', '41', '2') ON DUPLICATE KEY UPDATE id=VALUES(id), parent_id=VALUES(parent_id), templates_id=VALUES(templates_id), name=VALUES(name), status=VALUES(status), modified=VALUES(modified), modified_users_id=VALUES(modified_users_id), created=VALUES(created), created_users_id=VALUES(created_users_id), sort=VALUES(sort);
INSERT INTO `pages` (id, parent_id, templates_id, name, status, modified, modified_users_id, created, created_users_id, sort) VALUES('1007', '1', '45', 'tags', '1029', '2014-03-21 18:24:55', '41', '2014-03-21 18:22:48', '41', '6') ON DUPLICATE KEY UPDATE id=VALUES(id), parent_id=VALUES(parent_id), templates_id=VALUES(templates_id), name=VALUES(name), status=VALUES(status), modified=VALUES(modified), modified_users_id=VALUES(modified_users_id), created=VALUES(created), created_users_id=VALUES(created_users_id), sort=VALUES(sort);
INSERT INTO `pages` (id, parent_id, templates_id, name, status, modified, modified_users_id, created, created_users_id, sort) VALUES('1008', '1007', '46', 'tag-1', '1', '2014-03-23 15:48:27', '41', '2014-03-21 18:24:10', '41', '0') ON DUPLICATE KEY UPDATE id=VALUES(id), parent_id=VALUES(parent_id), templates_id=VALUES(templates_id), name=VALUES(name), status=VALUES(status), modified=VALUES(modified), modified_users_id=VALUES(modified_users_id), created=VALUES(created), created_users_id=VALUES(created_users_id), sort=VALUES(sort);
INSERT INTO `pages` (id, parent_id, templates_id, name, status, modified, modified_users_id, created, created_users_id, sort) VALUES('1009', '1007', '46', 'tag-2', '1', '2014-03-22 20:42:22', '41', '2014-03-21 18:24:27', '41', '1') ON DUPLICATE KEY UPDATE id=VALUES(id), parent_id=VALUES(parent_id), templates_id=VALUES(templates_id), name=VALUES(name), status=VALUES(status), modified=VALUES(modified), modified_users_id=VALUES(modified_users_id), created=VALUES(created), created_users_id=VALUES(created_users_id), sort=VALUES(sort);
INSERT INTO `pages` (id, parent_id, templates_id, name, status, modified, modified_users_id, created, created_users_id, sort) VALUES('1010', '1', '44', 'area-1', '1', '2014-03-29 16:32:55', '41', '2014-03-21 18:25:18', '41', '3') ON DUPLICATE KEY UPDATE id=VALUES(id), parent_id=VALUES(parent_id), templates_id=VALUES(templates_id), name=VALUES(name), status=VALUES(status), modified=VALUES(modified), modified_users_id=VALUES(modified_users_id), created=VALUES(created), created_users_id=VALUES(created_users_id), sort=VALUES(sort);
INSERT INTO `pages` (id, parent_id, templates_id, name, status, modified, modified_users_id, created, created_users_id, sort) VALUES('1011', '31', '5', 'page-clone', '1', '2014-03-21 19:06:58', '41', '2014-03-21 19:06:58', '41', '9') ON DUPLICATE KEY UPDATE id=VALUES(id), parent_id=VALUES(parent_id), templates_id=VALUES(templates_id), name=VALUES(name), status=VALUES(status), modified=VALUES(modified), modified_users_id=VALUES(modified_users_id), created=VALUES(created), created_users_id=VALUES(created_users_id), sort=VALUES(sort);
INSERT INTO `pages` (id, parent_id, templates_id, name, status, modified, modified_users_id, created, created_users_id, sort) VALUES('1012', '31', '5', 'page-clone-tree', '1', '2014-03-21 19:06:58', '41', '2014-03-21 19:06:58', '41', '10') ON DUPLICATE KEY UPDATE id=VALUES(id), parent_id=VALUES(parent_id), templates_id=VALUES(templates_id), name=VALUES(name), status=VALUES(status), modified=VALUES(modified), modified_users_id=VALUES(modified_users_id), created=VALUES(created), created_users_id=VALUES(created_users_id), sort=VALUES(sort);
INSERT INTO `pages` (id, parent_id, templates_id, name, status, modified, modified_users_id, created, created_users_id, sort) VALUES('1013', '3', '2', 'clone', '1', '2014-03-21 19:06:58', '41', '2014-03-21 19:06:58', '41', '8') ON DUPLICATE KEY UPDATE id=VALUES(id), parent_id=VALUES(parent_id), templates_id=VALUES(templates_id), name=VALUES(name), status=VALUES(status), modified=VALUES(modified), modified_users_id=VALUES(modified_users_id), created=VALUES(created), created_users_id=VALUES(created_users_id), sort=VALUES(sort);
INSERT INTO `pages` (id, parent_id, templates_id, name, status, modified, modified_users_id, created, created_users_id, sort) VALUES('1014', '1', '44', 'area-2', '1', '2014-03-23 14:17:35', '41', '2014-03-21 19:07:12', '41', '4') ON DUPLICATE KEY UPDATE id=VALUES(id), parent_id=VALUES(parent_id), templates_id=VALUES(templates_id), name=VALUES(name), status=VALUES(status), modified=VALUES(modified), modified_users_id=VALUES(modified_users_id), created=VALUES(created), created_users_id=VALUES(created_users_id), sort=VALUES(sort);
INSERT INTO `pages` (id, parent_id, templates_id, name, status, modified, modified_users_id, created, created_users_id, sort) VALUES('1015', '1', '45', 'meta', '1025', '2014-03-22 09:44:10', '41', '2014-03-21 20:05:51', '41', '7') ON DUPLICATE KEY UPDATE id=VALUES(id), parent_id=VALUES(parent_id), templates_id=VALUES(templates_id), name=VALUES(name), status=VALUES(status), modified=VALUES(modified), modified_users_id=VALUES(modified_users_id), created=VALUES(created), created_users_id=VALUES(created_users_id), sort=VALUES(sort);
INSERT INTO `pages` (id, parent_id, templates_id, name, status, modified, modified_users_id, created, created_users_id, sort) VALUES('1016', '1015', '29', 'about', '1', '2014-03-21 20:06:27', '41', '2014-03-21 20:06:10', '41', '0') ON DUPLICATE KEY UPDATE id=VALUES(id), parent_id=VALUES(parent_id), templates_id=VALUES(templates_id), name=VALUES(name), status=VALUES(status), modified=VALUES(modified), modified_users_id=VALUES(modified_users_id), created=VALUES(created), created_users_id=VALUES(created_users_id), sort=VALUES(sort);
INSERT INTO `pages` (id, parent_id, templates_id, name, status, modified, modified_users_id, created, created_users_id, sort) VALUES('1017', '1010', '44', 'html', '1', '2014-03-29 16:23:50', '41', '2014-03-22 10:01:08', '41', '0') ON DUPLICATE KEY UPDATE id=VALUES(id), parent_id=VALUES(parent_id), templates_id=VALUES(templates_id), name=VALUES(name), status=VALUES(status), modified=VALUES(modified), modified_users_id=VALUES(modified_users_id), created=VALUES(created), created_users_id=VALUES(created_users_id), sort=VALUES(sort);
INSERT INTO `pages` (id, parent_id, templates_id, name, status, modified, modified_users_id, created, created_users_id, sort) VALUES('1018', '1017', '44', 'unterseite-html', '1', '2014-03-29 16:24:39', '41', '2014-03-22 10:42:23', '41', '0') ON DUPLICATE KEY UPDATE id=VALUES(id), parent_id=VALUES(parent_id), templates_id=VALUES(templates_id), name=VALUES(name), status=VALUES(status), modified=VALUES(modified), modified_users_id=VALUES(modified_users_id), created=VALUES(created), created_users_id=VALUES(created_users_id), sort=VALUES(sort);
INSERT INTO `pages` (id, parent_id, templates_id, name, status, modified, modified_users_id, created, created_users_id, sort) VALUES('1019', '1017', '44', 'webcomponents', '1', '2014-03-29 16:25:27', '41', '2014-03-22 14:46:45', '41', '1') ON DUPLICATE KEY UPDATE id=VALUES(id), parent_id=VALUES(parent_id), templates_id=VALUES(templates_id), name=VALUES(name), status=VALUES(status), modified=VALUES(modified), modified_users_id=VALUES(modified_users_id), created=VALUES(created), created_users_id=VALUES(created_users_id), sort=VALUES(sort);
INSERT INTO `pages` (id, parent_id, templates_id, name, status, modified, modified_users_id, created, created_users_id, sort) VALUES('1020', '1017', '44', 'shadow-dom', '1', '2014-03-23 16:37:08', '41', '2014-03-22 15:51:45', '41', '2') ON DUPLICATE KEY UPDATE id=VALUES(id), parent_id=VALUES(parent_id), templates_id=VALUES(templates_id), name=VALUES(name), status=VALUES(status), modified=VALUES(modified), modified_users_id=VALUES(modified_users_id), created=VALUES(created), created_users_id=VALUES(created_users_id), sort=VALUES(sort);
INSERT INTO `pages` (id, parent_id, templates_id, name, status, modified, modified_users_id, created, created_users_id, sort) VALUES('1021', '1020', '44', 'video-and-audio', '1', '2014-03-23 15:58:28', '41', '2014-03-22 15:52:03', '41', '0') ON DUPLICATE KEY UPDATE id=VALUES(id), parent_id=VALUES(parent_id), templates_id=VALUES(templates_id), name=VALUES(name), status=VALUES(status), modified=VALUES(modified), modified_users_id=VALUES(modified_users_id), created=VALUES(created), created_users_id=VALUES(created_users_id), sort=VALUES(sort);
INSERT INTO `pages` (id, parent_id, templates_id, name, status, modified, modified_users_id, created, created_users_id, sort) VALUES('1022', '3', '2', 'fredi-field-edit', '1', '2014-03-22 17:24:29', '41', '2014-03-22 17:24:29', '41', '9') ON DUPLICATE KEY UPDATE id=VALUES(id), parent_id=VALUES(parent_id), templates_id=VALUES(templates_id), name=VALUES(name), status=VALUES(status), modified=VALUES(modified), modified_users_id=VALUES(modified_users_id), created=VALUES(created), created_users_id=VALUES(created_users_id), sort=VALUES(sort);
INSERT INTO `pages` (id, parent_id, templates_id, name, status, modified, modified_users_id, created, created_users_id, sort) VALUES('1023', '1007', '46', 'tag-3', '1', '2014-03-22 20:42:29', '41', '2014-03-22 17:39:29', '41', '2') ON DUPLICATE KEY UPDATE id=VALUES(id), parent_id=VALUES(parent_id), templates_id=VALUES(templates_id), name=VALUES(name), status=VALUES(status), modified=VALUES(modified), modified_users_id=VALUES(modified_users_id), created=VALUES(created), created_users_id=VALUES(created_users_id), sort=VALUES(sort);
INSERT INTO `pages` (id, parent_id, templates_id, name, status, modified, modified_users_id, created, created_users_id, sort) VALUES('1024', '7', '44', '1024_tim-berners-lee', '10241', '2014-03-22 18:42:59', '41', '2014-03-22 18:35:15', '41', '0') ON DUPLICATE KEY UPDATE id=VALUES(id), parent_id=VALUES(parent_id), templates_id=VALUES(templates_id), name=VALUES(name), status=VALUES(status), modified=VALUES(modified), modified_users_id=VALUES(modified_users_id), created=VALUES(created), created_users_id=VALUES(created_users_id), sort=VALUES(sort);
INSERT INTO `pages` (id, parent_id, templates_id, name, status, modified, modified_users_id, created, created_users_id, sort) VALUES('1025', '1018', '44', 'tim-berners-lee', '1', '2014-03-29 16:25:05', '41', '2014-03-22 18:43:19', '41', '0') ON DUPLICATE KEY UPDATE id=VALUES(id), parent_id=VALUES(parent_id), templates_id=VALUES(templates_id), name=VALUES(name), status=VALUES(status), modified=VALUES(modified), modified_users_id=VALUES(modified_users_id), created=VALUES(created), created_users_id=VALUES(created_users_id), sort=VALUES(sort);
INSERT INTO `pages` (id, parent_id, templates_id, name, status, modified, modified_users_id, created, created_users_id, sort) VALUES('1026', '1015', '47', 'my-profile', '1', '2014-03-23 10:36:11', '41', '2014-03-23 10:20:22', '41', '1') ON DUPLICATE KEY UPDATE id=VALUES(id), parent_id=VALUES(parent_id), templates_id=VALUES(templates_id), name=VALUES(name), status=VALUES(status), modified=VALUES(modified), modified_users_id=VALUES(modified_users_id), created=VALUES(created), created_users_id=VALUES(created_users_id), sort=VALUES(sort);
INSERT INTO `pages` (id, parent_id, templates_id, name, status, modified, modified_users_id, created, created_users_id, sort) VALUES('1027', '1010', '44', 'css', '1', '2014-03-29 16:26:02', '41', '2014-03-23 12:30:46', '41', '1') ON DUPLICATE KEY UPDATE id=VALUES(id), parent_id=VALUES(parent_id), templates_id=VALUES(templates_id), name=VALUES(name), status=VALUES(status), modified=VALUES(modified), modified_users_id=VALUES(modified_users_id), created=VALUES(created), created_users_id=VALUES(created_users_id), sort=VALUES(sort);
INSERT INTO `pages` (id, parent_id, templates_id, name, status, modified, modified_users_id, created, created_users_id, sort) VALUES('1028', '1027', '44', 'css-3', '1', '2014-03-29 16:26:13', '41', '2014-03-23 12:33:04', '41', '0') ON DUPLICATE KEY UPDATE id=VALUES(id), parent_id=VALUES(parent_id), templates_id=VALUES(templates_id), name=VALUES(name), status=VALUES(status), modified=VALUES(modified), modified_users_id=VALUES(modified_users_id), created=VALUES(created), created_users_id=VALUES(created_users_id), sort=VALUES(sort);
INSERT INTO `pages` (id, parent_id, templates_id, name, status, modified, modified_users_id, created, created_users_id, sort) VALUES('1029', '1015', '48', 'search', '1029', '2014-03-23 14:38:30', '41', '2014-03-23 14:31:05', '41', '2') ON DUPLICATE KEY UPDATE id=VALUES(id), parent_id=VALUES(parent_id), templates_id=VALUES(templates_id), name=VALUES(name), status=VALUES(status), modified=VALUES(modified), modified_users_id=VALUES(modified_users_id), created=VALUES(created), created_users_id=VALUES(created_users_id), sort=VALUES(sort);
INSERT INTO `pages` (id, parent_id, templates_id, name, status, modified, modified_users_id, created, created_users_id, sort) VALUES('1030', '1014', '44', 'acme-inc', '1', '2014-03-23 15:49:23', '41', '2014-03-23 15:45:42', '41', '0') ON DUPLICATE KEY UPDATE id=VALUES(id), parent_id=VALUES(parent_id), templates_id=VALUES(templates_id), name=VALUES(name), status=VALUES(status), modified=VALUES(modified), modified_users_id=VALUES(modified_users_id), created=VALUES(created), created_users_id=VALUES(created_users_id), sort=VALUES(sort);
INSERT INTO `pages` (id, parent_id, templates_id, name, status, modified, modified_users_id, created, created_users_id, sort) VALUES('1031', '7', '46', '1031_important', '8193', '2014-03-29 16:34:04', '41', '2014-03-23 15:49:23', '41', '3') ON DUPLICATE KEY UPDATE id=VALUES(id), parent_id=VALUES(parent_id), templates_id=VALUES(templates_id), name=VALUES(name), status=VALUES(status), modified=VALUES(modified), modified_users_id=VALUES(modified_users_id), created=VALUES(created), created_users_id=VALUES(created_users_id), sort=VALUES(sort);
INSERT INTO `pages` (id, parent_id, templates_id, name, status, modified, modified_users_id, created, created_users_id, sort) VALUES('1032', '1', '44', 'usage-of-this-wiki', '1', '2014-03-23 18:32:09', '41', '2014-03-23 16:21:18', '41', '5') ON DUPLICATE KEY UPDATE id=VALUES(id), parent_id=VALUES(parent_id), templates_id=VALUES(templates_id), name=VALUES(name), status=VALUES(status), modified=VALUES(modified), modified_users_id=VALUES(modified_users_id), created=VALUES(created), created_users_id=VALUES(created_users_id), sort=VALUES(sort);
INSERT INTO `pages` (id, parent_id, templates_id, name, status, modified, modified_users_id, created, created_users_id, sort) VALUES('1033', '1032', '44', 'markdown', '1', '2014-03-23 16:21:58', '41', '2014-03-23 16:21:49', '41', '0') ON DUPLICATE KEY UPDATE id=VALUES(id), parent_id=VALUES(parent_id), templates_id=VALUES(templates_id), name=VALUES(name), status=VALUES(status), modified=VALUES(modified), modified_users_id=VALUES(modified_users_id), created=VALUES(created), created_users_id=VALUES(created_users_id), sort=VALUES(sort);
INSERT INTO `pages` (id, parent_id, templates_id, name, status, modified, modified_users_id, created, created_users_id, sort) VALUES('1034', '1027', '44', 'keyframe-animation', '1', '2014-03-29 16:26:45', '41', '2014-03-23 16:38:15', '41', '1') ON DUPLICATE KEY UPDATE id=VALUES(id), parent_id=VALUES(parent_id), templates_id=VALUES(templates_id), name=VALUES(name), status=VALUES(status), modified=VALUES(modified), modified_users_id=VALUES(modified_users_id), created=VALUES(created), created_users_id=VALUES(created_users_id), sort=VALUES(sort);
INSERT INTO `pages` (id, parent_id, templates_id, name, status, modified, modified_users_id, created, created_users_id, sort) VALUES('1035', '1015', '50', 'logout', '1029', '2014-03-23 17:15:02', '41', '2014-03-23 17:14:22', '41', '3') ON DUPLICATE KEY UPDATE id=VALUES(id), parent_id=VALUES(parent_id), templates_id=VALUES(templates_id), name=VALUES(name), status=VALUES(status), modified=VALUES(modified), modified_users_id=VALUES(modified_users_id), created=VALUES(created), created_users_id=VALUES(created_users_id), sort=VALUES(sort);
INSERT INTO `pages` (id, parent_id, templates_id, name, status, modified, modified_users_id, created, created_users_id, sort) VALUES('1036', '2', '2', 'repeaters', '1036', '2014-03-23 18:43:55', '41', '2014-03-23 18:43:55', '41', '6') ON DUPLICATE KEY UPDATE id=VALUES(id), parent_id=VALUES(parent_id), templates_id=VALUES(templates_id), name=VALUES(name), status=VALUES(status), modified=VALUES(modified), modified_users_id=VALUES(modified_users_id), created=VALUES(created), created_users_id=VALUES(created_users_id), sort=VALUES(sort);
INSERT INTO `pages` (id, parent_id, templates_id, name, status, modified, modified_users_id, created, created_users_id, sort) VALUES('1037', '1036', '2', 'for-field-103', '17', '2014-03-23 18:44:17', '41', '2014-03-23 18:44:17', '41', '0') ON DUPLICATE KEY UPDATE id=VALUES(id), parent_id=VALUES(parent_id), templates_id=VALUES(templates_id), name=VALUES(name), status=VALUES(status), modified=VALUES(modified), modified_users_id=VALUES(modified_users_id), created=VALUES(created), created_users_id=VALUES(created_users_id), sort=VALUES(sort);
INSERT INTO `pages` (id, parent_id, templates_id, name, status, modified, modified_users_id, created, created_users_id, sort) VALUES('1038', '1037', '2', 'for-page-1010', '17', '2014-03-23 18:45:03', '41', '2014-03-23 18:45:03', '41', '0') ON DUPLICATE KEY UPDATE id=VALUES(id), parent_id=VALUES(parent_id), templates_id=VALUES(templates_id), name=VALUES(name), status=VALUES(status), modified=VALUES(modified), modified_users_id=VALUES(modified_users_id), created=VALUES(created), created_users_id=VALUES(created_users_id), sort=VALUES(sort);
INSERT INTO `pages` (id, parent_id, templates_id, name, status, modified, modified_users_id, created, created_users_id, sort) VALUES('1039', '1038', '51', '1395596703-99-1', '1', '2014-03-29 16:27:42', '41', '2014-03-23 18:45:03', '41', '0') ON DUPLICATE KEY UPDATE id=VALUES(id), parent_id=VALUES(parent_id), templates_id=VALUES(templates_id), name=VALUES(name), status=VALUES(status), modified=VALUES(modified), modified_users_id=VALUES(modified_users_id), created=VALUES(created), created_users_id=VALUES(created_users_id), sort=VALUES(sort);
INSERT INTO `pages` (id, parent_id, templates_id, name, status, modified, modified_users_id, created, created_users_id, sort) VALUES('1040', '1038', '51', '1395596704-2', '1', '2014-03-23 19:00:07', '41', '2014-03-23 18:45:04', '41', '1') ON DUPLICATE KEY UPDATE id=VALUES(id), parent_id=VALUES(parent_id), templates_id=VALUES(templates_id), name=VALUES(name), status=VALUES(status), modified=VALUES(modified), modified_users_id=VALUES(modified_users_id), created=VALUES(created), created_users_id=VALUES(created_users_id), sort=VALUES(sort);
INSERT INTO `pages` (id, parent_id, templates_id, name, status, modified, modified_users_id, created, created_users_id, sort) VALUES('1041', '1038', '51', '1395596704-01-3', '3073', '2014-03-23 18:45:04', '41', '2014-03-23 18:45:04', '41', '2') ON DUPLICATE KEY UPDATE id=VALUES(id), parent_id=VALUES(parent_id), templates_id=VALUES(templates_id), name=VALUES(name), status=VALUES(status), modified=VALUES(modified), modified_users_id=VALUES(modified_users_id), created=VALUES(created), created_users_id=VALUES(created_users_id), sort=VALUES(sort);
INSERT INTO `pages` (id, parent_id, templates_id, name, status, modified, modified_users_id, created, created_users_id, sort) VALUES('1042', '1038', '51', '1395597287-98-1', '3073', '2014-03-23 18:54:47', '41', '2014-03-23 18:54:47', '41', '3') ON DUPLICATE KEY UPDATE id=VALUES(id), parent_id=VALUES(parent_id), templates_id=VALUES(templates_id), name=VALUES(name), status=VALUES(status), modified=VALUES(modified), modified_users_id=VALUES(modified_users_id), created=VALUES(created), created_users_id=VALUES(created_users_id), sort=VALUES(sort);
INSERT INTO `pages` (id, parent_id, templates_id, name, status, modified, modified_users_id, created, created_users_id, sort) VALUES('1043', '30', '4', 'wiki-user', '1', '2014-03-23 19:40:20', '41', '2014-03-23 19:39:59', '41', '2') ON DUPLICATE KEY UPDATE id=VALUES(id), parent_id=VALUES(parent_id), templates_id=VALUES(templates_id), name=VALUES(name), status=VALUES(status), modified=VALUES(modified), modified_users_id=VALUES(modified_users_id), created=VALUES(created), created_users_id=VALUES(created_users_id), sort=VALUES(sort);
INSERT INTO `pages` (id, parent_id, templates_id, name, status, modified, modified_users_id, created, created_users_id, sort) VALUES('1044', '29', '3', 'marcus', '1', '2014-03-23 20:01:50', '1044', '2014-03-23 19:47:14', '41', '2') ON DUPLICATE KEY UPDATE id=VALUES(id), parent_id=VALUES(parent_id), templates_id=VALUES(templates_id), name=VALUES(name), status=VALUES(status), modified=VALUES(modified), modified_users_id=VALUES(modified_users_id), created=VALUES(created), created_users_id=VALUES(created_users_id), sort=VALUES(sort);
INSERT INTO `pages` (id, parent_id, templates_id, name, status, modified, modified_users_id, created, created_users_id, sort) VALUES('1045', '1027', '44', 'blend-modes', '1', '2014-03-23 19:51:20', '1044', '2014-03-23 19:50:17', '1044', '2') ON DUPLICATE KEY UPDATE id=VALUES(id), parent_id=VALUES(parent_id), templates_id=VALUES(templates_id), name=VALUES(name), status=VALUES(status), modified=VALUES(modified), modified_users_id=VALUES(modified_users_id), created=VALUES(created), created_users_id=VALUES(created_users_id), sort=VALUES(sort);
INSERT INTO `pages` (id, parent_id, templates_id, name, status, modified, modified_users_id, created, created_users_id, sort) VALUES('1046', '1037', '2', 'for-page-1045', '17', '2014-03-23 19:50:17', '1044', '2014-03-23 19:50:17', '1044', '1') ON DUPLICATE KEY UPDATE id=VALUES(id), parent_id=VALUES(parent_id), templates_id=VALUES(templates_id), name=VALUES(name), status=VALUES(status), modified=VALUES(modified), modified_users_id=VALUES(modified_users_id), created=VALUES(created), created_users_id=VALUES(created_users_id), sort=VALUES(sort);
INSERT INTO `pages` (id, parent_id, templates_id, name, status, modified, modified_users_id, created, created_users_id, sort) VALUES('1047', '1046', '51', '1395600617-64-1', '3073', '2014-03-23 19:50:17', '1044', '2014-03-23 19:50:17', '1044', '0') ON DUPLICATE KEY UPDATE id=VALUES(id), parent_id=VALUES(parent_id), templates_id=VALUES(templates_id), name=VALUES(name), status=VALUES(status), modified=VALUES(modified), modified_users_id=VALUES(modified_users_id), created=VALUES(created), created_users_id=VALUES(created_users_id), sort=VALUES(sort);
INSERT INTO `pages` (id, parent_id, templates_id, name, status, modified, modified_users_id, created, created_users_id, sort) VALUES('1048', '1046', '51', '1395600617-65-2', '3073', '2014-03-23 19:50:17', '1044', '2014-03-23 19:50:17', '1044', '1') ON DUPLICATE KEY UPDATE id=VALUES(id), parent_id=VALUES(parent_id), templates_id=VALUES(templates_id), name=VALUES(name), status=VALUES(status), modified=VALUES(modified), modified_users_id=VALUES(modified_users_id), created=VALUES(created), created_users_id=VALUES(created_users_id), sort=VALUES(sort);
INSERT INTO `pages` (id, parent_id, templates_id, name, status, modified, modified_users_id, created, created_users_id, sort) VALUES('1049', '1046', '51', '1395600617-66-3', '3073', '2014-03-23 19:50:17', '1044', '2014-03-23 19:50:17', '1044', '2') ON DUPLICATE KEY UPDATE id=VALUES(id), parent_id=VALUES(parent_id), templates_id=VALUES(templates_id), name=VALUES(name), status=VALUES(status), modified=VALUES(modified), modified_users_id=VALUES(modified_users_id), created=VALUES(created), created_users_id=VALUES(created_users_id), sort=VALUES(sort);
INSERT INTO `pages` (id, parent_id, templates_id, name, status, modified, modified_users_id, created, created_users_id, sort) VALUES('1050', '7', '46', '1050_future', '8193', '2014-03-23 20:03:41', '41', '2014-03-23 19:50:52', '1044', '4') ON DUPLICATE KEY UPDATE id=VALUES(id), parent_id=VALUES(parent_id), templates_id=VALUES(templates_id), name=VALUES(name), status=VALUES(status), modified=VALUES(modified), modified_users_id=VALUES(modified_users_id), created=VALUES(created), created_users_id=VALUES(created_users_id), sort=VALUES(sort);
INSERT INTO `pages` (id, parent_id, templates_id, name, status, modified, modified_users_id, created, created_users_id, sort) VALUES('1051', '1037', '2', 'for-page-1017', '17', '2014-03-29 16:23:45', '41', '2014-03-29 16:23:45', '41', '2') ON DUPLICATE KEY UPDATE id=VALUES(id), parent_id=VALUES(parent_id), templates_id=VALUES(templates_id), name=VALUES(name), status=VALUES(status), modified=VALUES(modified), modified_users_id=VALUES(modified_users_id), created=VALUES(created), created_users_id=VALUES(created_users_id), sort=VALUES(sort);
INSERT INTO `pages` (id, parent_id, templates_id, name, status, modified, modified_users_id, created, created_users_id, sort) VALUES('1052', '1051', '51', '1396106625-47-1', '3073', '2014-03-29 16:23:45', '41', '2014-03-29 16:23:45', '41', '0') ON DUPLICATE KEY UPDATE id=VALUES(id), parent_id=VALUES(parent_id), templates_id=VALUES(templates_id), name=VALUES(name), status=VALUES(status), modified=VALUES(modified), modified_users_id=VALUES(modified_users_id), created=VALUES(created), created_users_id=VALUES(created_users_id), sort=VALUES(sort);
INSERT INTO `pages` (id, parent_id, templates_id, name, status, modified, modified_users_id, created, created_users_id, sort) VALUES('1053', '1051', '51', '1396106625-48-2', '3073', '2014-03-29 16:23:45', '41', '2014-03-29 16:23:45', '41', '1') ON DUPLICATE KEY UPDATE id=VALUES(id), parent_id=VALUES(parent_id), templates_id=VALUES(templates_id), name=VALUES(name), status=VALUES(status), modified=VALUES(modified), modified_users_id=VALUES(modified_users_id), created=VALUES(created), created_users_id=VALUES(created_users_id), sort=VALUES(sort);
INSERT INTO `pages` (id, parent_id, templates_id, name, status, modified, modified_users_id, created, created_users_id, sort) VALUES('1054', '1051', '51', '1396106625-49-3', '3073', '2014-03-29 16:23:45', '41', '2014-03-29 16:23:45', '41', '2') ON DUPLICATE KEY UPDATE id=VALUES(id), parent_id=VALUES(parent_id), templates_id=VALUES(templates_id), name=VALUES(name), status=VALUES(status), modified=VALUES(modified), modified_users_id=VALUES(modified_users_id), created=VALUES(created), created_users_id=VALUES(created_users_id), sort=VALUES(sort);
INSERT INTO `pages` (id, parent_id, templates_id, name, status, modified, modified_users_id, created, created_users_id, sort) VALUES('1055', '1037', '2', 'for-page-1018', '17', '2014-03-29 16:24:03', '41', '2014-03-29 16:24:03', '41', '3') ON DUPLICATE KEY UPDATE id=VALUES(id), parent_id=VALUES(parent_id), templates_id=VALUES(templates_id), name=VALUES(name), status=VALUES(status), modified=VALUES(modified), modified_users_id=VALUES(modified_users_id), created=VALUES(created), created_users_id=VALUES(created_users_id), sort=VALUES(sort);
INSERT INTO `pages` (id, parent_id, templates_id, name, status, modified, modified_users_id, created, created_users_id, sort) VALUES('1056', '1055', '51', '1396106643-6-1', '3073', '2014-03-29 16:24:03', '41', '2014-03-29 16:24:03', '41', '0') ON DUPLICATE KEY UPDATE id=VALUES(id), parent_id=VALUES(parent_id), templates_id=VALUES(templates_id), name=VALUES(name), status=VALUES(status), modified=VALUES(modified), modified_users_id=VALUES(modified_users_id), created=VALUES(created), created_users_id=VALUES(created_users_id), sort=VALUES(sort);
INSERT INTO `pages` (id, parent_id, templates_id, name, status, modified, modified_users_id, created, created_users_id, sort) VALUES('1057', '1055', '51', '1396106643-61-2', '3073', '2014-03-29 16:24:03', '41', '2014-03-29 16:24:03', '41', '1') ON DUPLICATE KEY UPDATE id=VALUES(id), parent_id=VALUES(parent_id), templates_id=VALUES(templates_id), name=VALUES(name), status=VALUES(status), modified=VALUES(modified), modified_users_id=VALUES(modified_users_id), created=VALUES(created), created_users_id=VALUES(created_users_id), sort=VALUES(sort);
INSERT INTO `pages` (id, parent_id, templates_id, name, status, modified, modified_users_id, created, created_users_id, sort) VALUES('1058', '1055', '51', '1396106643-62-3', '3073', '2014-03-29 16:24:03', '41', '2014-03-29 16:24:03', '41', '2') ON DUPLICATE KEY UPDATE id=VALUES(id), parent_id=VALUES(parent_id), templates_id=VALUES(templates_id), name=VALUES(name), status=VALUES(status), modified=VALUES(modified), modified_users_id=VALUES(modified_users_id), created=VALUES(created), created_users_id=VALUES(created_users_id), sort=VALUES(sort);
INSERT INTO `pages` (id, parent_id, templates_id, name, status, modified, modified_users_id, created, created_users_id, sort) VALUES('1059', '1037', '2', 'for-page-1025', '17', '2014-03-29 16:24:47', '41', '2014-03-29 16:24:47', '41', '4') ON DUPLICATE KEY UPDATE id=VALUES(id), parent_id=VALUES(parent_id), templates_id=VALUES(templates_id), name=VALUES(name), status=VALUES(status), modified=VALUES(modified), modified_users_id=VALUES(modified_users_id), created=VALUES(created), created_users_id=VALUES(created_users_id), sort=VALUES(sort);
INSERT INTO `pages` (id, parent_id, templates_id, name, status, modified, modified_users_id, created, created_users_id, sort) VALUES('1060', '1059', '51', '1396106687-87-1', '3073', '2014-03-29 16:24:47', '41', '2014-03-29 16:24:47', '41', '0') ON DUPLICATE KEY UPDATE id=VALUES(id), parent_id=VALUES(parent_id), templates_id=VALUES(templates_id), name=VALUES(name), status=VALUES(status), modified=VALUES(modified), modified_users_id=VALUES(modified_users_id), created=VALUES(created), created_users_id=VALUES(created_users_id), sort=VALUES(sort);
INSERT INTO `pages` (id, parent_id, templates_id, name, status, modified, modified_users_id, created, created_users_id, sort) VALUES('1061', '1059', '51', '1396106687-87-2', '3073', '2014-03-29 16:24:47', '41', '2014-03-29 16:24:47', '41', '1') ON DUPLICATE KEY UPDATE id=VALUES(id), parent_id=VALUES(parent_id), templates_id=VALUES(templates_id), name=VALUES(name), status=VALUES(status), modified=VALUES(modified), modified_users_id=VALUES(modified_users_id), created=VALUES(created), created_users_id=VALUES(created_users_id), sort=VALUES(sort);
INSERT INTO `pages` (id, parent_id, templates_id, name, status, modified, modified_users_id, created, created_users_id, sort) VALUES('1062', '1059', '51', '1396106687-88-3', '3073', '2014-03-29 16:24:47', '41', '2014-03-29 16:24:47', '41', '2') ON DUPLICATE KEY UPDATE id=VALUES(id), parent_id=VALUES(parent_id), templates_id=VALUES(templates_id), name=VALUES(name), status=VALUES(status), modified=VALUES(modified), modified_users_id=VALUES(modified_users_id), created=VALUES(created), created_users_id=VALUES(created_users_id), sort=VALUES(sort);
INSERT INTO `pages` (id, parent_id, templates_id, name, status, modified, modified_users_id, created, created_users_id, sort) VALUES('1063', '1037', '2', 'for-page-1019', '17', '2014-03-29 16:25:12', '41', '2014-03-29 16:25:12', '41', '5') ON DUPLICATE KEY UPDATE id=VALUES(id), parent_id=VALUES(parent_id), templates_id=VALUES(templates_id), name=VALUES(name), status=VALUES(status), modified=VALUES(modified), modified_users_id=VALUES(modified_users_id), created=VALUES(created), created_users_id=VALUES(created_users_id), sort=VALUES(sort);
INSERT INTO `pages` (id, parent_id, templates_id, name, status, modified, modified_users_id, created, created_users_id, sort) VALUES('1064', '1063', '51', '1396106712-79-1', '3073', '2014-03-29 16:25:12', '41', '2014-03-29 16:25:12', '41', '0') ON DUPLICATE KEY UPDATE id=VALUES(id), parent_id=VALUES(parent_id), templates_id=VALUES(templates_id), name=VALUES(name), status=VALUES(status), modified=VALUES(modified), modified_users_id=VALUES(modified_users_id), created=VALUES(created), created_users_id=VALUES(created_users_id), sort=VALUES(sort);
INSERT INTO `pages` (id, parent_id, templates_id, name, status, modified, modified_users_id, created, created_users_id, sort) VALUES('1065', '1063', '51', '1396106712-8-2', '3073', '2014-03-29 16:25:12', '41', '2014-03-29 16:25:12', '41', '1') ON DUPLICATE KEY UPDATE id=VALUES(id), parent_id=VALUES(parent_id), templates_id=VALUES(templates_id), name=VALUES(name), status=VALUES(status), modified=VALUES(modified), modified_users_id=VALUES(modified_users_id), created=VALUES(created), created_users_id=VALUES(created_users_id), sort=VALUES(sort);
INSERT INTO `pages` (id, parent_id, templates_id, name, status, modified, modified_users_id, created, created_users_id, sort) VALUES('1066', '1063', '51', '1396106712-81-3', '3073', '2014-03-29 16:25:12', '41', '2014-03-29 16:25:12', '41', '2') ON DUPLICATE KEY UPDATE id=VALUES(id), parent_id=VALUES(parent_id), templates_id=VALUES(templates_id), name=VALUES(name), status=VALUES(status), modified=VALUES(modified), modified_users_id=VALUES(modified_users_id), created=VALUES(created), created_users_id=VALUES(created_users_id), sort=VALUES(sort);
INSERT INTO `pages` (id, parent_id, templates_id, name, status, modified, modified_users_id, created, created_users_id, sort) VALUES('1067', '1037', '2', 'for-page-1027', '17', '2014-03-29 16:25:34', '41', '2014-03-29 16:25:34', '41', '6') ON DUPLICATE KEY UPDATE id=VALUES(id), parent_id=VALUES(parent_id), templates_id=VALUES(templates_id), name=VALUES(name), status=VALUES(status), modified=VALUES(modified), modified_users_id=VALUES(modified_users_id), created=VALUES(created), created_users_id=VALUES(created_users_id), sort=VALUES(sort);
INSERT INTO `pages` (id, parent_id, templates_id, name, status, modified, modified_users_id, created, created_users_id, sort) VALUES('1068', '1067', '51', '1396106734-45-1', '3073', '2014-03-29 16:25:34', '41', '2014-03-29 16:25:34', '41', '0') ON DUPLICATE KEY UPDATE id=VALUES(id), parent_id=VALUES(parent_id), templates_id=VALUES(templates_id), name=VALUES(name), status=VALUES(status), modified=VALUES(modified), modified_users_id=VALUES(modified_users_id), created=VALUES(created), created_users_id=VALUES(created_users_id), sort=VALUES(sort);
INSERT INTO `pages` (id, parent_id, templates_id, name, status, modified, modified_users_id, created, created_users_id, sort) VALUES('1069', '1067', '51', '1396106734-46-2', '3073', '2014-03-29 16:25:34', '41', '2014-03-29 16:25:34', '41', '1') ON DUPLICATE KEY UPDATE id=VALUES(id), parent_id=VALUES(parent_id), templates_id=VALUES(templates_id), name=VALUES(name), status=VALUES(status), modified=VALUES(modified), modified_users_id=VALUES(modified_users_id), created=VALUES(created), created_users_id=VALUES(created_users_id), sort=VALUES(sort);
INSERT INTO `pages` (id, parent_id, templates_id, name, status, modified, modified_users_id, created, created_users_id, sort) VALUES('1070', '1067', '51', '1396106734-47-3', '3073', '2014-03-29 16:25:34', '41', '2014-03-29 16:25:34', '41', '2') ON DUPLICATE KEY UPDATE id=VALUES(id), parent_id=VALUES(parent_id), templates_id=VALUES(templates_id), name=VALUES(name), status=VALUES(status), modified=VALUES(modified), modified_users_id=VALUES(modified_users_id), created=VALUES(created), created_users_id=VALUES(created_users_id), sort=VALUES(sort);
INSERT INTO `pages` (id, parent_id, templates_id, name, status, modified, modified_users_id, created, created_users_id, sort) VALUES('1071', '1037', '2', 'for-page-1028', '17', '2014-03-29 16:26:08', '41', '2014-03-29 16:26:08', '41', '7') ON DUPLICATE KEY UPDATE id=VALUES(id), parent_id=VALUES(parent_id), templates_id=VALUES(templates_id), name=VALUES(name), status=VALUES(status), modified=VALUES(modified), modified_users_id=VALUES(modified_users_id), created=VALUES(created), created_users_id=VALUES(created_users_id), sort=VALUES(sort);
INSERT INTO `pages` (id, parent_id, templates_id, name, status, modified, modified_users_id, created, created_users_id, sort) VALUES('1072', '1071', '51', '1396106768-89-1', '3073', '2014-03-29 16:26:08', '41', '2014-03-29 16:26:08', '41', '0') ON DUPLICATE KEY UPDATE id=VALUES(id), parent_id=VALUES(parent_id), templates_id=VALUES(templates_id), name=VALUES(name), status=VALUES(status), modified=VALUES(modified), modified_users_id=VALUES(modified_users_id), created=VALUES(created), created_users_id=VALUES(created_users_id), sort=VALUES(sort);
INSERT INTO `pages` (id, parent_id, templates_id, name, status, modified, modified_users_id, created, created_users_id, sort) VALUES('1073', '1071', '51', '1396106768-9-2', '3073', '2014-03-29 16:26:08', '41', '2014-03-29 16:26:08', '41', '1') ON DUPLICATE KEY UPDATE id=VALUES(id), parent_id=VALUES(parent_id), templates_id=VALUES(templates_id), name=VALUES(name), status=VALUES(status), modified=VALUES(modified), modified_users_id=VALUES(modified_users_id), created=VALUES(created), created_users_id=VALUES(created_users_id), sort=VALUES(sort);
INSERT INTO `pages` (id, parent_id, templates_id, name, status, modified, modified_users_id, created, created_users_id, sort) VALUES('1074', '1071', '51', '1396106768-91-3', '3073', '2014-03-29 16:26:08', '41', '2014-03-29 16:26:08', '41', '2') ON DUPLICATE KEY UPDATE id=VALUES(id), parent_id=VALUES(parent_id), templates_id=VALUES(templates_id), name=VALUES(name), status=VALUES(status), modified=VALUES(modified), modified_users_id=VALUES(modified_users_id), created=VALUES(created), created_users_id=VALUES(created_users_id), sort=VALUES(sort);
INSERT INTO `pages` (id, parent_id, templates_id, name, status, modified, modified_users_id, created, created_users_id, sort) VALUES('1075', '1037', '2', 'for-page-1034', '17', '2014-03-29 16:26:19', '41', '2014-03-29 16:26:19', '41', '8') ON DUPLICATE KEY UPDATE id=VALUES(id), parent_id=VALUES(parent_id), templates_id=VALUES(templates_id), name=VALUES(name), status=VALUES(status), modified=VALUES(modified), modified_users_id=VALUES(modified_users_id), created=VALUES(created), created_users_id=VALUES(created_users_id), sort=VALUES(sort);
INSERT INTO `pages` (id, parent_id, templates_id, name, status, modified, modified_users_id, created, created_users_id, sort) VALUES('1076', '1075', '51', '1396106779-43-1', '3073', '2014-03-29 16:26:19', '41', '2014-03-29 16:26:19', '41', '0') ON DUPLICATE KEY UPDATE id=VALUES(id), parent_id=VALUES(parent_id), templates_id=VALUES(templates_id), name=VALUES(name), status=VALUES(status), modified=VALUES(modified), modified_users_id=VALUES(modified_users_id), created=VALUES(created), created_users_id=VALUES(created_users_id), sort=VALUES(sort);
INSERT INTO `pages` (id, parent_id, templates_id, name, status, modified, modified_users_id, created, created_users_id, sort) VALUES('1077', '1075', '51', '1396106779-44-2', '3073', '2014-03-29 16:26:19', '41', '2014-03-29 16:26:19', '41', '1') ON DUPLICATE KEY UPDATE id=VALUES(id), parent_id=VALUES(parent_id), templates_id=VALUES(templates_id), name=VALUES(name), status=VALUES(status), modified=VALUES(modified), modified_users_id=VALUES(modified_users_id), created=VALUES(created), created_users_id=VALUES(created_users_id), sort=VALUES(sort);
INSERT INTO `pages` (id, parent_id, templates_id, name, status, modified, modified_users_id, created, created_users_id, sort) VALUES('1078', '1075', '51', '1396106779-45-3', '3073', '2014-03-29 16:26:19', '41', '2014-03-29 16:26:19', '41', '2') ON DUPLICATE KEY UPDATE id=VALUES(id), parent_id=VALUES(parent_id), templates_id=VALUES(templates_id), name=VALUES(name), status=VALUES(status), modified=VALUES(modified), modified_users_id=VALUES(modified_users_id), created=VALUES(created), created_users_id=VALUES(created_users_id), sort=VALUES(sort);
INSERT INTO `pages` (id, parent_id, templates_id, name, status, modified, modified_users_id, created, created_users_id, sort) VALUES('1079', '1038', '51', '1396106820-1', '3073', '2014-03-29 16:26:59', '41', '2014-03-29 16:26:59', '41', '4') ON DUPLICATE KEY UPDATE id=VALUES(id), parent_id=VALUES(parent_id), templates_id=VALUES(templates_id), name=VALUES(name), status=VALUES(status), modified=VALUES(modified), modified_users_id=VALUES(modified_users_id), created=VALUES(created), created_users_id=VALUES(created_users_id), sort=VALUES(sort);

INSERT INTO `pages_access` (pages_id, templates_id, ts) VALUES('37', '2', '2014-03-23 19:50:04') ON DUPLICATE KEY UPDATE pages_id=VALUES(pages_id), templates_id=VALUES(templates_id), ts=VALUES(ts);
INSERT INTO `pages_access` (pages_id, templates_id, ts) VALUES('38', '2', '2014-03-23 19:50:04') ON DUPLICATE KEY UPDATE pages_id=VALUES(pages_id), templates_id=VALUES(templates_id), ts=VALUES(ts);
INSERT INTO `pages_access` (pages_id, templates_id, ts) VALUES('1043', '2', '2014-03-23 19:50:04') ON DUPLICATE KEY UPDATE pages_id=VALUES(pages_id), templates_id=VALUES(templates_id), ts=VALUES(ts);
INSERT INTO `pages_access` (pages_id, templates_id, ts) VALUES('32', '2', '2014-03-23 19:50:04') ON DUPLICATE KEY UPDATE pages_id=VALUES(pages_id), templates_id=VALUES(templates_id), ts=VALUES(ts);
INSERT INTO `pages_access` (pages_id, templates_id, ts) VALUES('34', '2', '2014-03-23 19:50:04') ON DUPLICATE KEY UPDATE pages_id=VALUES(pages_id), templates_id=VALUES(templates_id), ts=VALUES(ts);
INSERT INTO `pages_access` (pages_id, templates_id, ts) VALUES('35', '2', '2014-03-23 19:50:04') ON DUPLICATE KEY UPDATE pages_id=VALUES(pages_id), templates_id=VALUES(templates_id), ts=VALUES(ts);
INSERT INTO `pages_access` (pages_id, templates_id, ts) VALUES('36', '2', '2014-03-23 19:50:04') ON DUPLICATE KEY UPDATE pages_id=VALUES(pages_id), templates_id=VALUES(templates_id), ts=VALUES(ts);
INSERT INTO `pages_access` (pages_id, templates_id, ts) VALUES('50', '2', '2014-03-23 19:50:04') ON DUPLICATE KEY UPDATE pages_id=VALUES(pages_id), templates_id=VALUES(templates_id), ts=VALUES(ts);
INSERT INTO `pages_access` (pages_id, templates_id, ts) VALUES('51', '2', '2014-03-23 19:50:04') ON DUPLICATE KEY UPDATE pages_id=VALUES(pages_id), templates_id=VALUES(templates_id), ts=VALUES(ts);
INSERT INTO `pages_access` (pages_id, templates_id, ts) VALUES('52', '2', '2014-03-23 19:50:04') ON DUPLICATE KEY UPDATE pages_id=VALUES(pages_id), templates_id=VALUES(templates_id), ts=VALUES(ts);
INSERT INTO `pages_access` (pages_id, templates_id, ts) VALUES('53', '2', '2014-03-23 19:50:04') ON DUPLICATE KEY UPDATE pages_id=VALUES(pages_id), templates_id=VALUES(templates_id), ts=VALUES(ts);
INSERT INTO `pages_access` (pages_id, templates_id, ts) VALUES('54', '2', '2014-03-23 19:50:04') ON DUPLICATE KEY UPDATE pages_id=VALUES(pages_id), templates_id=VALUES(templates_id), ts=VALUES(ts);
INSERT INTO `pages_access` (pages_id, templates_id, ts) VALUES('1011', '2', '2014-03-23 19:50:04') ON DUPLICATE KEY UPDATE pages_id=VALUES(pages_id), templates_id=VALUES(templates_id), ts=VALUES(ts);
INSERT INTO `pages_access` (pages_id, templates_id, ts) VALUES('1012', '2', '2014-03-23 19:50:04') ON DUPLICATE KEY UPDATE pages_id=VALUES(pages_id), templates_id=VALUES(templates_id), ts=VALUES(ts);
INSERT INTO `pages_access` (pages_id, templates_id, ts) VALUES('1039', '2', '2014-03-23 19:50:04') ON DUPLICATE KEY UPDATE pages_id=VALUES(pages_id), templates_id=VALUES(templates_id), ts=VALUES(ts);
INSERT INTO `pages_access` (pages_id, templates_id, ts) VALUES('1040', '2', '2014-03-23 19:50:04') ON DUPLICATE KEY UPDATE pages_id=VALUES(pages_id), templates_id=VALUES(templates_id), ts=VALUES(ts);
INSERT INTO `pages_access` (pages_id, templates_id, ts) VALUES('1041', '2', '2014-03-23 19:50:04') ON DUPLICATE KEY UPDATE pages_id=VALUES(pages_id), templates_id=VALUES(templates_id), ts=VALUES(ts);
INSERT INTO `pages_access` (pages_id, templates_id, ts) VALUES('1042', '2', '2014-03-23 19:50:04') ON DUPLICATE KEY UPDATE pages_id=VALUES(pages_id), templates_id=VALUES(templates_id), ts=VALUES(ts);
INSERT INTO `pages_access` (pages_id, templates_id, ts) VALUES('1047', '2', '2014-03-23 19:50:17') ON DUPLICATE KEY UPDATE pages_id=VALUES(pages_id), templates_id=VALUES(templates_id), ts=VALUES(ts);
INSERT INTO `pages_access` (pages_id, templates_id, ts) VALUES('1048', '2', '2014-03-23 19:50:17') ON DUPLICATE KEY UPDATE pages_id=VALUES(pages_id), templates_id=VALUES(templates_id), ts=VALUES(ts);
INSERT INTO `pages_access` (pages_id, templates_id, ts) VALUES('1049', '2', '2014-03-23 19:50:17') ON DUPLICATE KEY UPDATE pages_id=VALUES(pages_id), templates_id=VALUES(templates_id), ts=VALUES(ts);
INSERT INTO `pages_access` (pages_id, templates_id, ts) VALUES('1052', '2', '2014-03-29 16:23:45') ON DUPLICATE KEY UPDATE pages_id=VALUES(pages_id), templates_id=VALUES(templates_id), ts=VALUES(ts);
INSERT INTO `pages_access` (pages_id, templates_id, ts) VALUES('1053', '2', '2014-03-29 16:23:45') ON DUPLICATE KEY UPDATE pages_id=VALUES(pages_id), templates_id=VALUES(templates_id), ts=VALUES(ts);
INSERT INTO `pages_access` (pages_id, templates_id, ts) VALUES('1054', '2', '2014-03-29 16:23:45') ON DUPLICATE KEY UPDATE pages_id=VALUES(pages_id), templates_id=VALUES(templates_id), ts=VALUES(ts);
INSERT INTO `pages_access` (pages_id, templates_id, ts) VALUES('1056', '2', '2014-03-29 16:24:03') ON DUPLICATE KEY UPDATE pages_id=VALUES(pages_id), templates_id=VALUES(templates_id), ts=VALUES(ts);
INSERT INTO `pages_access` (pages_id, templates_id, ts) VALUES('1057', '2', '2014-03-29 16:24:03') ON DUPLICATE KEY UPDATE pages_id=VALUES(pages_id), templates_id=VALUES(templates_id), ts=VALUES(ts);
INSERT INTO `pages_access` (pages_id, templates_id, ts) VALUES('1058', '2', '2014-03-29 16:24:03') ON DUPLICATE KEY UPDATE pages_id=VALUES(pages_id), templates_id=VALUES(templates_id), ts=VALUES(ts);
INSERT INTO `pages_access` (pages_id, templates_id, ts) VALUES('1060', '2', '2014-03-29 16:24:47') ON DUPLICATE KEY UPDATE pages_id=VALUES(pages_id), templates_id=VALUES(templates_id), ts=VALUES(ts);
INSERT INTO `pages_access` (pages_id, templates_id, ts) VALUES('1061', '2', '2014-03-29 16:24:47') ON DUPLICATE KEY UPDATE pages_id=VALUES(pages_id), templates_id=VALUES(templates_id), ts=VALUES(ts);
INSERT INTO `pages_access` (pages_id, templates_id, ts) VALUES('1062', '2', '2014-03-29 16:24:47') ON DUPLICATE KEY UPDATE pages_id=VALUES(pages_id), templates_id=VALUES(templates_id), ts=VALUES(ts);
INSERT INTO `pages_access` (pages_id, templates_id, ts) VALUES('1064', '2', '2014-03-29 16:25:12') ON DUPLICATE KEY UPDATE pages_id=VALUES(pages_id), templates_id=VALUES(templates_id), ts=VALUES(ts);
INSERT INTO `pages_access` (pages_id, templates_id, ts) VALUES('1065', '2', '2014-03-29 16:25:12') ON DUPLICATE KEY UPDATE pages_id=VALUES(pages_id), templates_id=VALUES(templates_id), ts=VALUES(ts);
INSERT INTO `pages_access` (pages_id, templates_id, ts) VALUES('1066', '2', '2014-03-29 16:25:12') ON DUPLICATE KEY UPDATE pages_id=VALUES(pages_id), templates_id=VALUES(templates_id), ts=VALUES(ts);
INSERT INTO `pages_access` (pages_id, templates_id, ts) VALUES('1068', '2', '2014-03-29 16:25:34') ON DUPLICATE KEY UPDATE pages_id=VALUES(pages_id), templates_id=VALUES(templates_id), ts=VALUES(ts);
INSERT INTO `pages_access` (pages_id, templates_id, ts) VALUES('1069', '2', '2014-03-29 16:25:34') ON DUPLICATE KEY UPDATE pages_id=VALUES(pages_id), templates_id=VALUES(templates_id), ts=VALUES(ts);
INSERT INTO `pages_access` (pages_id, templates_id, ts) VALUES('1070', '2', '2014-03-29 16:25:34') ON DUPLICATE KEY UPDATE pages_id=VALUES(pages_id), templates_id=VALUES(templates_id), ts=VALUES(ts);
INSERT INTO `pages_access` (pages_id, templates_id, ts) VALUES('1072', '2', '2014-03-29 16:26:08') ON DUPLICATE KEY UPDATE pages_id=VALUES(pages_id), templates_id=VALUES(templates_id), ts=VALUES(ts);
INSERT INTO `pages_access` (pages_id, templates_id, ts) VALUES('1073', '2', '2014-03-29 16:26:08') ON DUPLICATE KEY UPDATE pages_id=VALUES(pages_id), templates_id=VALUES(templates_id), ts=VALUES(ts);
INSERT INTO `pages_access` (pages_id, templates_id, ts) VALUES('1074', '2', '2014-03-29 16:26:08') ON DUPLICATE KEY UPDATE pages_id=VALUES(pages_id), templates_id=VALUES(templates_id), ts=VALUES(ts);
INSERT INTO `pages_access` (pages_id, templates_id, ts) VALUES('1076', '2', '2014-03-29 16:26:19') ON DUPLICATE KEY UPDATE pages_id=VALUES(pages_id), templates_id=VALUES(templates_id), ts=VALUES(ts);
INSERT INTO `pages_access` (pages_id, templates_id, ts) VALUES('1077', '2', '2014-03-29 16:26:19') ON DUPLICATE KEY UPDATE pages_id=VALUES(pages_id), templates_id=VALUES(templates_id), ts=VALUES(ts);
INSERT INTO `pages_access` (pages_id, templates_id, ts) VALUES('1078', '2', '2014-03-29 16:26:19') ON DUPLICATE KEY UPDATE pages_id=VALUES(pages_id), templates_id=VALUES(templates_id), ts=VALUES(ts);
INSERT INTO `pages_access` (pages_id, templates_id, ts) VALUES('1079', '2', '2014-03-29 16:27:00') ON DUPLICATE KEY UPDATE pages_id=VALUES(pages_id), templates_id=VALUES(templates_id), ts=VALUES(ts);

INSERT INTO `pages_parents` (pages_id, parents_id) VALUES('2', '1') ON DUPLICATE KEY UPDATE pages_id=VALUES(pages_id), parents_id=VALUES(parents_id);
INSERT INTO `pages_parents` (pages_id, parents_id) VALUES('3', '1') ON DUPLICATE KEY UPDATE pages_id=VALUES(pages_id), parents_id=VALUES(parents_id);
INSERT INTO `pages_parents` (pages_id, parents_id) VALUES('3', '2') ON DUPLICATE KEY UPDATE pages_id=VALUES(pages_id), parents_id=VALUES(parents_id);
INSERT INTO `pages_parents` (pages_id, parents_id) VALUES('7', '1') ON DUPLICATE KEY UPDATE pages_id=VALUES(pages_id), parents_id=VALUES(parents_id);
INSERT INTO `pages_parents` (pages_id, parents_id) VALUES('22', '1') ON DUPLICATE KEY UPDATE pages_id=VALUES(pages_id), parents_id=VALUES(parents_id);
INSERT INTO `pages_parents` (pages_id, parents_id) VALUES('22', '2') ON DUPLICATE KEY UPDATE pages_id=VALUES(pages_id), parents_id=VALUES(parents_id);
INSERT INTO `pages_parents` (pages_id, parents_id) VALUES('28', '1') ON DUPLICATE KEY UPDATE pages_id=VALUES(pages_id), parents_id=VALUES(parents_id);
INSERT INTO `pages_parents` (pages_id, parents_id) VALUES('28', '2') ON DUPLICATE KEY UPDATE pages_id=VALUES(pages_id), parents_id=VALUES(parents_id);
INSERT INTO `pages_parents` (pages_id, parents_id) VALUES('29', '1') ON DUPLICATE KEY UPDATE pages_id=VALUES(pages_id), parents_id=VALUES(parents_id);
INSERT INTO `pages_parents` (pages_id, parents_id) VALUES('29', '2') ON DUPLICATE KEY UPDATE pages_id=VALUES(pages_id), parents_id=VALUES(parents_id);
INSERT INTO `pages_parents` (pages_id, parents_id) VALUES('29', '28') ON DUPLICATE KEY UPDATE pages_id=VALUES(pages_id), parents_id=VALUES(parents_id);
INSERT INTO `pages_parents` (pages_id, parents_id) VALUES('30', '1') ON DUPLICATE KEY UPDATE pages_id=VALUES(pages_id), parents_id=VALUES(parents_id);
INSERT INTO `pages_parents` (pages_id, parents_id) VALUES('30', '2') ON DUPLICATE KEY UPDATE pages_id=VALUES(pages_id), parents_id=VALUES(parents_id);
INSERT INTO `pages_parents` (pages_id, parents_id) VALUES('30', '28') ON DUPLICATE KEY UPDATE pages_id=VALUES(pages_id), parents_id=VALUES(parents_id);
INSERT INTO `pages_parents` (pages_id, parents_id) VALUES('31', '1') ON DUPLICATE KEY UPDATE pages_id=VALUES(pages_id), parents_id=VALUES(parents_id);
INSERT INTO `pages_parents` (pages_id, parents_id) VALUES('31', '2') ON DUPLICATE KEY UPDATE pages_id=VALUES(pages_id), parents_id=VALUES(parents_id);
INSERT INTO `pages_parents` (pages_id, parents_id) VALUES('31', '28') ON DUPLICATE KEY UPDATE pages_id=VALUES(pages_id), parents_id=VALUES(parents_id);
INSERT INTO `pages_parents` (pages_id, parents_id) VALUES('1007', '1') ON DUPLICATE KEY UPDATE pages_id=VALUES(pages_id), parents_id=VALUES(parents_id);
INSERT INTO `pages_parents` (pages_id, parents_id) VALUES('1010', '1') ON DUPLICATE KEY UPDATE pages_id=VALUES(pages_id), parents_id=VALUES(parents_id);
INSERT INTO `pages_parents` (pages_id, parents_id) VALUES('1014', '1') ON DUPLICATE KEY UPDATE pages_id=VALUES(pages_id), parents_id=VALUES(parents_id);
INSERT INTO `pages_parents` (pages_id, parents_id) VALUES('1015', '1') ON DUPLICATE KEY UPDATE pages_id=VALUES(pages_id), parents_id=VALUES(parents_id);
INSERT INTO `pages_parents` (pages_id, parents_id) VALUES('1017', '1') ON DUPLICATE KEY UPDATE pages_id=VALUES(pages_id), parents_id=VALUES(parents_id);
INSERT INTO `pages_parents` (pages_id, parents_id) VALUES('1017', '1010') ON DUPLICATE KEY UPDATE pages_id=VALUES(pages_id), parents_id=VALUES(parents_id);
INSERT INTO `pages_parents` (pages_id, parents_id) VALUES('1018', '1') ON DUPLICATE KEY UPDATE pages_id=VALUES(pages_id), parents_id=VALUES(parents_id);
INSERT INTO `pages_parents` (pages_id, parents_id) VALUES('1018', '1010') ON DUPLICATE KEY UPDATE pages_id=VALUES(pages_id), parents_id=VALUES(parents_id);
INSERT INTO `pages_parents` (pages_id, parents_id) VALUES('1018', '1017') ON DUPLICATE KEY UPDATE pages_id=VALUES(pages_id), parents_id=VALUES(parents_id);
INSERT INTO `pages_parents` (pages_id, parents_id) VALUES('1020', '1') ON DUPLICATE KEY UPDATE pages_id=VALUES(pages_id), parents_id=VALUES(parents_id);
INSERT INTO `pages_parents` (pages_id, parents_id) VALUES('1020', '1010') ON DUPLICATE KEY UPDATE pages_id=VALUES(pages_id), parents_id=VALUES(parents_id);
INSERT INTO `pages_parents` (pages_id, parents_id) VALUES('1020', '1017') ON DUPLICATE KEY UPDATE pages_id=VALUES(pages_id), parents_id=VALUES(parents_id);
INSERT INTO `pages_parents` (pages_id, parents_id) VALUES('1027', '1') ON DUPLICATE KEY UPDATE pages_id=VALUES(pages_id), parents_id=VALUES(parents_id);
INSERT INTO `pages_parents` (pages_id, parents_id) VALUES('1027', '1010') ON DUPLICATE KEY UPDATE pages_id=VALUES(pages_id), parents_id=VALUES(parents_id);
INSERT INTO `pages_parents` (pages_id, parents_id) VALUES('1032', '1') ON DUPLICATE KEY UPDATE pages_id=VALUES(pages_id), parents_id=VALUES(parents_id);
INSERT INTO `pages_parents` (pages_id, parents_id) VALUES('1036', '1') ON DUPLICATE KEY UPDATE pages_id=VALUES(pages_id), parents_id=VALUES(parents_id);
INSERT INTO `pages_parents` (pages_id, parents_id) VALUES('1036', '2') ON DUPLICATE KEY UPDATE pages_id=VALUES(pages_id), parents_id=VALUES(parents_id);
INSERT INTO `pages_parents` (pages_id, parents_id) VALUES('1037', '1') ON DUPLICATE KEY UPDATE pages_id=VALUES(pages_id), parents_id=VALUES(parents_id);
INSERT INTO `pages_parents` (pages_id, parents_id) VALUES('1037', '2') ON DUPLICATE KEY UPDATE pages_id=VALUES(pages_id), parents_id=VALUES(parents_id);
INSERT INTO `pages_parents` (pages_id, parents_id) VALUES('1037', '1036') ON DUPLICATE KEY UPDATE pages_id=VALUES(pages_id), parents_id=VALUES(parents_id);
INSERT INTO `pages_parents` (pages_id, parents_id) VALUES('1038', '1') ON DUPLICATE KEY UPDATE pages_id=VALUES(pages_id), parents_id=VALUES(parents_id);
INSERT INTO `pages_parents` (pages_id, parents_id) VALUES('1038', '2') ON DUPLICATE KEY UPDATE pages_id=VALUES(pages_id), parents_id=VALUES(parents_id);
INSERT INTO `pages_parents` (pages_id, parents_id) VALUES('1038', '1036') ON DUPLICATE KEY UPDATE pages_id=VALUES(pages_id), parents_id=VALUES(parents_id);
INSERT INTO `pages_parents` (pages_id, parents_id) VALUES('1038', '1037') ON DUPLICATE KEY UPDATE pages_id=VALUES(pages_id), parents_id=VALUES(parents_id);
INSERT INTO `pages_parents` (pages_id, parents_id) VALUES('1046', '1') ON DUPLICATE KEY UPDATE pages_id=VALUES(pages_id), parents_id=VALUES(parents_id);
INSERT INTO `pages_parents` (pages_id, parents_id) VALUES('1046', '2') ON DUPLICATE KEY UPDATE pages_id=VALUES(pages_id), parents_id=VALUES(parents_id);
INSERT INTO `pages_parents` (pages_id, parents_id) VALUES('1046', '1036') ON DUPLICATE KEY UPDATE pages_id=VALUES(pages_id), parents_id=VALUES(parents_id);
INSERT INTO `pages_parents` (pages_id, parents_id) VALUES('1046', '1037') ON DUPLICATE KEY UPDATE pages_id=VALUES(pages_id), parents_id=VALUES(parents_id);
INSERT INTO `pages_parents` (pages_id, parents_id) VALUES('1051', '1') ON DUPLICATE KEY UPDATE pages_id=VALUES(pages_id), parents_id=VALUES(parents_id);
INSERT INTO `pages_parents` (pages_id, parents_id) VALUES('1051', '2') ON DUPLICATE KEY UPDATE pages_id=VALUES(pages_id), parents_id=VALUES(parents_id);
INSERT INTO `pages_parents` (pages_id, parents_id) VALUES('1051', '1036') ON DUPLICATE KEY UPDATE pages_id=VALUES(pages_id), parents_id=VALUES(parents_id);
INSERT INTO `pages_parents` (pages_id, parents_id) VALUES('1051', '1037') ON DUPLICATE KEY UPDATE pages_id=VALUES(pages_id), parents_id=VALUES(parents_id);
INSERT INTO `pages_parents` (pages_id, parents_id) VALUES('1055', '1') ON DUPLICATE KEY UPDATE pages_id=VALUES(pages_id), parents_id=VALUES(parents_id);
INSERT INTO `pages_parents` (pages_id, parents_id) VALUES('1055', '2') ON DUPLICATE KEY UPDATE pages_id=VALUES(pages_id), parents_id=VALUES(parents_id);
INSERT INTO `pages_parents` (pages_id, parents_id) VALUES('1055', '1036') ON DUPLICATE KEY UPDATE pages_id=VALUES(pages_id), parents_id=VALUES(parents_id);
INSERT INTO `pages_parents` (pages_id, parents_id) VALUES('1055', '1037') ON DUPLICATE KEY UPDATE pages_id=VALUES(pages_id), parents_id=VALUES(parents_id);
INSERT INTO `pages_parents` (pages_id, parents_id) VALUES('1059', '1') ON DUPLICATE KEY UPDATE pages_id=VALUES(pages_id), parents_id=VALUES(parents_id);
INSERT INTO `pages_parents` (pages_id, parents_id) VALUES('1059', '2') ON DUPLICATE KEY UPDATE pages_id=VALUES(pages_id), parents_id=VALUES(parents_id);
INSERT INTO `pages_parents` (pages_id, parents_id) VALUES('1059', '1036') ON DUPLICATE KEY UPDATE pages_id=VALUES(pages_id), parents_id=VALUES(parents_id);
INSERT INTO `pages_parents` (pages_id, parents_id) VALUES('1059', '1037') ON DUPLICATE KEY UPDATE pages_id=VALUES(pages_id), parents_id=VALUES(parents_id);
INSERT INTO `pages_parents` (pages_id, parents_id) VALUES('1063', '1') ON DUPLICATE KEY UPDATE pages_id=VALUES(pages_id), parents_id=VALUES(parents_id);
INSERT INTO `pages_parents` (pages_id, parents_id) VALUES('1063', '2') ON DUPLICATE KEY UPDATE pages_id=VALUES(pages_id), parents_id=VALUES(parents_id);
INSERT INTO `pages_parents` (pages_id, parents_id) VALUES('1063', '1036') ON DUPLICATE KEY UPDATE pages_id=VALUES(pages_id), parents_id=VALUES(parents_id);
INSERT INTO `pages_parents` (pages_id, parents_id) VALUES('1063', '1037') ON DUPLICATE KEY UPDATE pages_id=VALUES(pages_id), parents_id=VALUES(parents_id);
INSERT INTO `pages_parents` (pages_id, parents_id) VALUES('1067', '1') ON DUPLICATE KEY UPDATE pages_id=VALUES(pages_id), parents_id=VALUES(parents_id);
INSERT INTO `pages_parents` (pages_id, parents_id) VALUES('1067', '2') ON DUPLICATE KEY UPDATE pages_id=VALUES(pages_id), parents_id=VALUES(parents_id);
INSERT INTO `pages_parents` (pages_id, parents_id) VALUES('1067', '1036') ON DUPLICATE KEY UPDATE pages_id=VALUES(pages_id), parents_id=VALUES(parents_id);
INSERT INTO `pages_parents` (pages_id, parents_id) VALUES('1067', '1037') ON DUPLICATE KEY UPDATE pages_id=VALUES(pages_id), parents_id=VALUES(parents_id);
INSERT INTO `pages_parents` (pages_id, parents_id) VALUES('1071', '1') ON DUPLICATE KEY UPDATE pages_id=VALUES(pages_id), parents_id=VALUES(parents_id);
INSERT INTO `pages_parents` (pages_id, parents_id) VALUES('1071', '2') ON DUPLICATE KEY UPDATE pages_id=VALUES(pages_id), parents_id=VALUES(parents_id);
INSERT INTO `pages_parents` (pages_id, parents_id) VALUES('1071', '1036') ON DUPLICATE KEY UPDATE pages_id=VALUES(pages_id), parents_id=VALUES(parents_id);
INSERT INTO `pages_parents` (pages_id, parents_id) VALUES('1071', '1037') ON DUPLICATE KEY UPDATE pages_id=VALUES(pages_id), parents_id=VALUES(parents_id);
INSERT INTO `pages_parents` (pages_id, parents_id) VALUES('1075', '1') ON DUPLICATE KEY UPDATE pages_id=VALUES(pages_id), parents_id=VALUES(parents_id);
INSERT INTO `pages_parents` (pages_id, parents_id) VALUES('1075', '2') ON DUPLICATE KEY UPDATE pages_id=VALUES(pages_id), parents_id=VALUES(parents_id);
INSERT INTO `pages_parents` (pages_id, parents_id) VALUES('1075', '1036') ON DUPLICATE KEY UPDATE pages_id=VALUES(pages_id), parents_id=VALUES(parents_id);
INSERT INTO `pages_parents` (pages_id, parents_id) VALUES('1075', '1037') ON DUPLICATE KEY UPDATE pages_id=VALUES(pages_id), parents_id=VALUES(parents_id);


INSERT INTO `session_login_throttle` (name, attempts, last_attempt) VALUES('admin', '3', '1396106385') ON DUPLICATE KEY UPDATE name=VALUES(name), attempts=VALUES(attempts), last_attempt=VALUES(last_attempt);

INSERT INTO `templates` (id, name, fieldgroups_id, flags, cache_time, data) VALUES('1', 'home', '1', '0', '0', '{\"useRoles\":1,\"noParents\":1,\"slashUrls\":1,\"roles\":[37]}') ON DUPLICATE KEY UPDATE id=VALUES(id), name=VALUES(name), fieldgroups_id=VALUES(fieldgroups_id), flags=VALUES(flags), cache_time=VALUES(cache_time), data=VALUES(data);
INSERT INTO `templates` (id, name, fieldgroups_id, flags, cache_time, data) VALUES('29', 'basic-page', '83', '0', '0', '{\"slashUrls\":1}') ON DUPLICATE KEY UPDATE id=VALUES(id), name=VALUES(name), fieldgroups_id=VALUES(fieldgroups_id), flags=VALUES(flags), cache_time=VALUES(cache_time), data=VALUES(data);
INSERT INTO `templates` (id, name, fieldgroups_id, flags, cache_time, data) VALUES('44', 'wiki-page', '98', '0', '0', '{\"useRoles\":1,\"editRoles\":[1043],\"addRoles\":[1043],\"createRoles\":[1043],\"slashUrls\":1,\"roles\":[37,1043]}') ON DUPLICATE KEY UPDATE id=VALUES(id), name=VALUES(name), fieldgroups_id=VALUES(fieldgroups_id), flags=VALUES(flags), cache_time=VALUES(cache_time), data=VALUES(data);
INSERT INTO `templates` (id, name, fieldgroups_id, flags, cache_time, data) VALUES('45', '_container', '99', '0', '0', '{\"useRoles\":1,\"addRoles\":[1043],\"slashUrls\":1,\"roles\":[37,1043]}') ON DUPLICATE KEY UPDATE id=VALUES(id), name=VALUES(name), fieldgroups_id=VALUES(fieldgroups_id), flags=VALUES(flags), cache_time=VALUES(cache_time), data=VALUES(data);
INSERT INTO `templates` (id, name, fieldgroups_id, flags, cache_time, data) VALUES('46', 'tag-list', '100', '0', '0', '{\"useRoles\":1,\"editRoles\":[1043],\"addRoles\":[1043],\"createRoles\":[1043],\"slashUrls\":1,\"roles\":[37,1043]}') ON DUPLICATE KEY UPDATE id=VALUES(id), name=VALUES(name), fieldgroups_id=VALUES(fieldgroups_id), flags=VALUES(flags), cache_time=VALUES(cache_time), data=VALUES(data);
INSERT INTO `templates` (id, name, fieldgroups_id, flags, cache_time, data) VALUES('47', 'user-profile', '101', '0', '0', '{\"slashUrls\":1}') ON DUPLICATE KEY UPDATE id=VALUES(id), name=VALUES(name), fieldgroups_id=VALUES(fieldgroups_id), flags=VALUES(flags), cache_time=VALUES(cache_time), data=VALUES(data);
INSERT INTO `templates` (id, name, fieldgroups_id, flags, cache_time, data) VALUES('48', 'search-result', '102', '0', '0', '{\"slashUrls\":1}') ON DUPLICATE KEY UPDATE id=VALUES(id), name=VALUES(name), fieldgroups_id=VALUES(fieldgroups_id), flags=VALUES(flags), cache_time=VALUES(cache_time), data=VALUES(data);
INSERT INTO `templates` (id, name, fieldgroups_id, flags, cache_time, data) VALUES('50', 'user-logout', '104', '0', '0', '{\"slashUrls\":1}') ON DUPLICATE KEY UPDATE id=VALUES(id), name=VALUES(name), fieldgroups_id=VALUES(fieldgroups_id), flags=VALUES(flags), cache_time=VALUES(cache_time), data=VALUES(data);
INSERT INTO `templates` (id, name, fieldgroups_id, flags, cache_time, data) VALUES('51', 'repeater_repeaterSources', '105', '8', '0', '{\"noChildren\":1,\"noParents\":1,\"slashUrls\":1,\"noGlobal\":1}') ON DUPLICATE KEY UPDATE id=VALUES(id), name=VALUES(name), fieldgroups_id=VALUES(fieldgroups_id), flags=VALUES(flags), cache_time=VALUES(cache_time), data=VALUES(data);
